,source_names,source_links,bias_ratings,community_feedbacks_agree,community_feedbacks_disagree
0,Andrew C. McCarthy,/news-source/andrew-c-mccarthy-media-bias,Right,79,66
1,Andrew Giuliani,/news-source/andrew-giuliani-media-bias,Lean Right,82,121
2,Andrew Napolitano,/news-source/andrew-napolitano,Right,1009,1189
3,Andrew Stuttaford,/news-source/andrew-stuttaford-media-bias,Lean Right,41,33
4,Andrew Sullivan,/news-source/andrew-sullivan-media-bias,Lean Right,333,361
5,Andrew Sullivan,/news-source/andrew-sullivan-media-bias-0,Lean Left,8,13
6,Andrew Weinzierl,/news-source/andrew-weinzierl-media-bias,Lean Left,113,92
7,Andrew Yang,/news-source/andrew-yang-media-bias,Lean Left,354,272
8,Andy Meek,/news-source/andy-meek-media-bias,Lean Left,80,107
9,Andy Ngo,/news-source/andy-ngo-media-bias,Lean Right,455,595
10,Andy Stanley,/news-source/andy-stanley-media-bias,Center,10,12
11,Ann Coulter,/news-source/ann-coulter,Right,2167,554
12,Annafi Wahed,/news-source/annafi-wahed-media-bias,Lean Left,380,362
13,Anthony LaMesa,/news-source/anthony-lamesa-media-bias,Center,6,5
14,Antonio Ferme,/news-source/antonio-ferme-media-bias,Center,61,39
15,Antony Blinken,/news-source/antony-blinken-media-bias,Lean Left,43,52
16,April Gardner,/news-source/april-gardner-media-bias,Center,41,25
17,Aquinas College Saint,/news-source/aquinas-college-saint,Left,1056,717
18,Arc Digital,/news-source/arc-digital-media-bias,Center,67,77
19,Ari Hoffman,/news-source/ari-hoffmann-media-bias,Right,25,19
20,Arizona Mirror,/news-source/arizona-mirror-media-bias,Center,34,43
21,Arkadi Gerney,/news-source/arkadi-gerney,Lean Left,335,312
22,Arkansas Democrat-Gazette,/news-source/arkansas-democrat-gazette,Left,1149,903
23,Ars Technica,/news-source/ars-technica-media-bias,Center,41,56
24,Associated Press,/news-source/associated-press-media-bias,Lean Left,32287,25195
25,Associated Press Fact Check,/news-source/ap-fact-check-media-bias,Lean Left,6191,7147
26,Association for Psychological Science,/news-source/association-psychological-science,Center,879,777
27,Atlanta Black Star,/news-source/atlanta-black-star-media-bias,Lean Left,161,221
28,Atlanta Journal-Constitution,/news-source/atlanta-journal-constitution,Lean Left,1221,1094
29,Atlas Network,/news-source/atlas-network,Right,552,417
30,AtlasOne,/news-source/atlasone,Lean Right,350,398
31,Attitude Magazine,/news-source/attitude-magazine-media-bias,Lean Left,13,13
32,Austin American-Statesman,/news-source/austin-american-statesman,Lean Left,1049,865
33,Austin Daily Herald,/news-source/austin-daily-herald-media-bias,Center,10,11
34,Avanti Giridharan,/news-source/avanti-giridharan-media-bias,Center,98,95
35,Axios,/news-source/axios,Center,7645,8518
36,AZ Central,/news-source/az-central-media-bias,Center,328,603
37,Babylon Bee (Humor),/news-source/babylon-bee-media-bias,Lean Right,885,362
38,Ballotpedia,/news-source/ballotpedia,Center,804,543
39,Baltimore Sun,/news-source/baltimore-sun,Center,238,305
40,Bangor Daily News,/news-source/bangor-daily-news-media-bias,Lean Left,37,47
41,Baptist News Global,/news-source/baptist-news-global-media-bias,Lean Left,9,20
42,Baptist Press,/news-source/baptist-press-media-bias,Center,13,11
43,Baptist Standard,/news-source/baptist-standard-media-bias,Center,9,13
44,Bari Weiss,/news-source/bari-weiss-media-bias,Center,222,161
45,Barnstable Patriot,/news-source/barnstable-patriot,Center,644,752
46,Barron's,/news-source/barrons-media-bias,Center,32,19
47,BBC Fact Check,/news-source/reality-check-bbc-media-bias,Center,578,409
48,BBC News,/news-source/bbc-news-media-bias,Center,32527,27939
49,Bearing Drift,/news-source/bearing-drift,Right,752,676
50,Beaumont Enterprise,/news-source/beaumont-enterprise-media-bias,Center,17,25
51,Bella Jasper,/news-source/bella-jasper-media-bias,Lean Left,89,80
52,Ben Sargent (cartoonist),/news-source/ben-sargent-cartoonist,Left,357,301
53,Ben Shapiro,/news-source/ben-shapiro,Right,3324,1422
54,Ben Stein,/news-source/ben-stein,Lean Right,868,592
55,Bernie Goldberg,/news-source/bernie-goldberg-media-bias,Lean Right,114,84
56,BET,/news-source/bet-media-bias,Lean Left,356,530
57,Beth Ballentine,/news-source/beth-ballentine,Center,428,516
58,Beth Hicks,/news-source/beth-hicks-media-bias,Right,74,67
59,Better Government Association,/news-source/better-government-association-media-bias,Center,78,121
60,Beyond Today,/news-source/beyond-today-media-bias,Right,10,7
61,Biblical Gender Roles,/news-source/biblical-gender-roles-media-bias,Right,250,105
62,Biblical Sexology,/news-source/biblical-sexology-media-bias,Right,182,99
63,Bill de Blasio,/news-source/bill-de-blasio-media-bias,Lean Left,15,45
64,Billy Binion,/news-source/billy-binion,Center,355,281
65,Bipartisan Policy Center,/news-source/bipartisan-policy-center-media-bias-0,Center,4,7
66,Bizpac Review,/news-source/bizpac-review-media-bias,Right,175,110
67,Black Agenda Report,/news-source/black-agenda-report-media-bias,Left,38,26
68,Black Community News,/news-source/black-community-news-media-bias,Right,6,14
69,Black Enterprise,/news-source/black-enterprise-media-bias,Lean Left,129,228
70,Black News,/news-source/black-news-media-bias,Left,9,10
71,Black News Channel,/news-source/black-news-channel-media-bias,Lean Left,4,7
72,Blavity,/news-source/blavity-media-bias,Left,13,3
73,Block Club Chicago,/news-source/book-club-chicago-media-bias,Left,144,94
74,Bloomberg,/news-source/bloomberg-media-bias,Lean Left,17464,22538
75,Blue Virginia,/news-source/blue-virginia,Left,911,648
76,Bob Barr,/news-source/bob-barr-media-bias,Right,82,88
77,Bob Gorrell (cartoonist),/news-source/bob-gorrell-cartoonist,Right,386,267
78,Boing Boing,/news-source/boing-boing,Left,1039,702
79,Bonnie Kristian,/news-source/bonnie-kristian-media-bias,Center,72,71
80,Boston Herald,/news-source/boston-herald-media-bias,Lean Right,750,579
81,Boston Review,/news-source/boston-review-media-bias,Lean Left,113,120
82,Bowling Green Daily News,/news-source/bowling-green-daily-news,Lean Left,702,738
83,Brad Parscale,/news-source/brad-parscale-media-bias,Right,143,58
84,Brad Polumbo,/news-source/brad-polumbo-media-bias,Lean Right,10,5
85,Brad Raffensperger,/news-source/brad-raffensperger-media-bias,Lean Right,72,61
86,Brandon Rennels,/news-source/brandon-rennels-media-bias,Lean Left,63,65
87,Braver Angels,/news-source/braver-angels-media-bias,Mixed,207,177
88,Braver Angels,/news-source/braver-angels-media-bias-0,Mixed,52,42
89,Breitbart Fact Check,/news-source/breitbart-fact-check-media-bias,Right,923,205
90,Breitbart News,/news-source/breitbart,Right,42547,11774
91,Brennan Center for Justice,/news-source/brennan-center-justice-media-bias,Lean Left,39,42
92,Brent Bozell,/news-source/brent-bozell,Right,393,347
93,Bret Stephens,/news-source/bret-stephens,Lean Right,409,449
94,Bridge Alliance,/news-source/bridge-alliance-media-bias,Lean Left,73,70
95,Bridgemi.com,/news-source/bridgemicom-media-bias,Center,218,184
96,BridgeUSA,/news-source/bridgeusa-media-bias,Mixed,13,5
97,Bridging Divides Initiative,/news-source/bridging-divides-initiative-media-bias,Center,5,6
98,Brookings Institution,/news-source/brookings-institute,Center,2924,2189
99,Brown Girl Magazine,/news-source/brown-girl-magazine-media-bias,Left,202,100
100,Brownstone Institute,/news-source/brownstone-institute-media-bias,Right,104,93
101,Bruce Golding,/news-source/bruce-golding-media-bias,Lean Right,18,15
102,Bruce Yandle,/news-source/bruce-yandle-media-bias,Center,53,58
103,Bustle,/news-source/bustle,Lean Left,943,925
104,BuzzFeed News,/news-source/buzzfeed-media-bias,Left,27372,9688
105,Byron Donalds,/news-source/byron-donalds-media-bias,Lean Right,65,56
106,Byron Donalds,/news-source/byron-donalds-media-bias-0,Lean Right,28,41
107,Byron York,/news-source/byron-york-media-bias,Right,25,26
108,C-SPAN,/news-source/c-span,Center,4429,1466
109,Cal Thomas,/news-source/cal-thomas-media-bias,Right,71,42
110,CalMatters,/news-source/calmatters,Center,912,810
111,CalWatchdog,/news-source/calwatchdog,Center,641,680
112,Candace Owens,/news-source/candace-owens-media-bias,Right,23,12
113,Capital Research Center,/news-source/capital-research-center-media-bias,Lean Right,143,104
114,Care2,/news-source/care-2,Left,706,726
115,Carnegie Endowment for International Peace,/news-source/carnegie-endowment-international-peace,Center,563,506
116,Carrie Lukas,/news-source/carrie-lukas,Right,307,236
117,Carrie Severino,/news-source/carrie-severino-media-bias,Lean Right,27,21
118,Catholic Digest,/news-source/catholic-digest-media-bias,Lean Right,3,6
119,Catholic News Agency,/news-source/catholic-news-agency-media-bias,Right,9,11
120,Catholic News Service,/news-source/catholic-news-service-media-bias,Center,8,7
121,Cathy Young,/news-source/cathy-young-media-bias,Lean Right,119,144
122,Cato Institute,/news-source/cato-institute,Lean Right,1346,1838
123,CBC News,/news-source/cbc-news-media-bias,Lean Left,196,281
124,CBN,/news-source/cbn,Right,7174,3647
125,CBS News (Online),/news-source/cbs-news-media-bias,Lean Left,20687,13230
126,Center For American Progress,/news-source/center-american-progress,Lean Left,1328,1831
127,Center for Countering Digital Hate,/news-source/center-countering-digital-hate-media-bias,Left,13,22
128,Center for Humane Technology,/news-source/center-humane-technology-media-bias,Center,24,20
129,Center for Media & Democracy PR Watch,/news-source/center-media-democracy-pr-watch,Lean Left,332,417
130,Center for Public Integrity,/news-source/center-public-integrity,Lean Left,807,954
131,Center for Strategic and Budgetary Assessments,/news-source/cent-strategic-and-budgetary-assessments,Lean Right,431,513
132,Center on Budget and Policy Priorities,/news-source/center-budget-and-policy-priorities-0,Left,875,742
133,Centre View,/news-source/centre-view,Lean Left,689,741
134,Chadwick Moore,/news-source/chadwick-moore-media-bias,Right,5,4
135,Chan Lowe (cartoonist),/news-source/chan-lowe-cartoonist,Left,279,276
136,Charisma Magazine,/news-source/charisma-magazine-media-bias,Right,3,3
137,Charles Blow,/news-source/charles-blow,Lean Left,394,478
138,Charles C. W. Cooke,/news-source/charles-c-cooke-media-bias,Right,10,9
139,Charles Fried,/news-source/charles-fried-media-bias,Center,8,17
140,Charles Krauthammer,/news-source/charles-krauthammer,Lean Right,938,782
141,Charles Lane,/news-source/charles-lane-media-bias,Center,96,131
142,Charlie Kirk,/news-source/charlie-kirk-media-bias,Right,479,170
143,Check Your Fact,/news-source/check-your-fact-media-bias,Center,298,371
144,Chicago Booth Initiative on Global Markets,/news-source/chicago-booth,Mixed,291,289
145,Chicago Crusader,/news-source/chicago-crusader-media-bias,Left,106,52
146,Chicago Defender,/news-source/chicago-defender-media-bias,Left,149,76
147,Chicago Sun-Times,/news-source/chicago-sun-times,Lean Left,983,989
148,Chicago Tribune,/news-source/chicago-tribune,Center,2195,4113
149,Children’s Defense Fund,/news-source/childrens-defense-fund,Left,434,441
150,Chip Bok (cartoonist),/news-source/chip-bok-cartoonist,Right,260,214
151,Chris Britt (cartoonist),/news-source/chris-britt-cartoonist,Center,245,170
152,Chris Cillizza,/news-source/chris-cillizza-media-bias,Lean Left,39,40
153,Chris Ruddy,/news-source/chris-ruddy,Right,241,320
154,Chris Wallace,/news-source/chris-wallace-media-bias,Center,250,499
155,Christian Coalition of America,/news-source/christian-coalition-america-media-bias,Lean Right,10,12
156,Christian Headlines,/news-source/christian-headlines-media-bias,Center,8,9
157,Christian News Network,/news-source/christian-news-network-media-bias,Right,6,8
158,Christian News Now,/news-source/christian-news-now-media-bias,Lean Right,7,5
159,Christian Science Monitor,/news-source/christian-science-monitor,Center,16784,20430
160,Christiane Amanpour,/news-source/christiane-amanpour,Lean Left,724,888
161,Christianity Today,/news-source/christianity-today-media-bias,Lean Right,262,388
162,Christopher Barnard,/news-source/christopher-barnard-media-bias,Lean Right,20,19
163,Christopher Buskirk,/news-source/christopher-buskirk-media-bias,Lean Right,222,171
164,Chuck Asay (cartoonist),/news-source/chuck-asay-cartoonist,Right,275,217
165,Church Militant,/news-source/church-militant-media-bias,Right,6,2
166,ChurchLeaders.com,/news-source/churchleaderscom-media-bias,Center,1,8
167,City Journal,/news-source/city-journal-media-bias,Right,679,505
168,Civic Genius,/news-source/civic-genius-media-bias,Center,1,2
169,Civic Health Project,/news-source/civic-health-project-media-bias,Center,9,5
170,Civil Squared,/news-source/civil-squared-media-bias,Lean Left,3,2
171,CivilPolitics.org,/news-source/civilpoliticsorg,Center,317,289
172,Claire-Laure Belt,/news-source/claire-laure-belt-media-bias,Center,39,44
173,Clara Nevins,/news-source/clara-nevins-media-bias,Lean Left,54,55
174,Clare Ashcraft,/news-source/clare-ashcraft-media-bias,Center,21,26
175,Clay Bennett (cartoonist),/news-source/clay-bennett-cartoonist,Left,236,174
176,CNBC,/news-source/cnbc,Center,3783,7244
177,CNET,/news-source/cnet,Center,591,538
178,CNN (Online News),/news-source/cnn-media-bias,Left,59468,50969
179,CNN (Opinion),/news-source/cnn-editorial,Left,37284,8306
180,CNN Business,/news-source/cnn-business-media-bias,Lean Left,713,413
181,CNN Fact Check,/news-source/facts-first-cnn-media-bias,Left,1361,410
182,CNSNews.com,/news-source/cnsnewscom,Right,1086,858
183,Coffee Party USA,/news-source/coffee-party-usa-media-bias,Center,106,111
184,CoinDesk,/news-source/coindesk-media-bias,Center,17,18
185,Colorado Springs Gazette,/news-source/colorado-springs-gazette,Center,44,71
186,Columbia Journalism Review,/news-source/columbia-journalism-review,Center,335,600
187,Columbia Missourian,/news-source/columbia-missourian-media-bias,Center,82,67
188,Commentary Magazine,/news-source/commentary-magazine-media-bias,Right,338,344
189,Committee to Protect Journalists,/news-source/committee-protect-journalists-media-bias,Center,60,85
190,Common Dreams,/news-source/common-dreams-media-bias,Left,230,113
191,Common Ground Committee,/news-source/common-ground-committee-media-bias,Center,53,32
192,Common Sense,/news-source/common-sense-media-bias,Center,7,6
193,Complex,/news-source/complex-media-bias,Center,22,18
194,Concord Monitor,/news-source/concord-monitor,Center,100,120
195,Conor Friedersdorf,/news-source/conor-friedersdorf-media-bias,Center,121,145
196,Conservative HQ,/news-source/conservative-hq,Right,1011,474
197,ContraPoints (Natalie Wynn),/news-source/contrapoints-natalie-wynn-media-bias,Left,16,10
198,Cook Report,/news-source/cook-report,Center,1026,721
199,Corinna Cohn,/news-source/corinna-cohn-media-bias,Center,21,17
200,Council on Foreign Relations,/news-source/council-foreign-relations,Left,298,371
201,Countable,/news-source/countable-media-bias,Center,165,158
202,Counter Currents,/news-source/counter-currents,Lean Left,409,338
203,Counterpointing,/news-source/counterpointing,Mixed,468,431
204,CrowdPAC,/news-source/crowdpac,Center,505,529
205,CU Independent,/news-source/cu-independent,Center,448,511
206,Current Affairs,/news-source/current-affairs-media-bias,Left,536,262
207,Daily Beast,/news-source/daily-beast-media-bias,Left,21762,6631
208,Daily Breeze,/news-source/daily-breeze-media-bias,Center,66,83
209,Daily Cardinal,/news-source/daily-cardinal,Center,507,549
210,Daily Chela,/news-source/daily-chela-media-bias,Left,84,73
211,Daily Citizen,/news-source/daily-citizen-media-bias,Right,137,89
212,Daily Kos,/news-source/daily-kos,Left,5860,2144
213,Daily Mail,/news-source/daily-mail,Right,13654,7370
214,Daily Norseman,/news-source/daily-norseman-media-bias,Center,5,3
215,Daily Northwestern,/news-source/daily-northwestern,Lean Left,452,473
216,Daily Press,/news-source/daily-press,Lean Right,460,569
217,Daily Progress,/news-source/daily-progress,Center,509,531
218,Daily Targum,/news-source/daily-targum,Lean Left,331,488
219,DailyTrib.com,/news-source/dailytribcom-media-bias,Center,15,14
220,Damon Linker,/news-source/damon-linker,Lean Left,399,400
221,Dan Lucas,/news-source/dan-lucas,Right,145,118
222,Dan McLaughlin,/news-source/dan-mclaughlin-media-bias,Right,50,33
223,Dan Meuser,/news-source/dan-meuser-media-bias,Right,36,36
224,Dan Schnur,/news-source/dan-schnur-media-bias,Center,106,122
225,Dan Wasserman (cartoonist),/news-source/dan-wasserman-cartoonist,Left,144,79
226,Dana Milbank,/news-source/dana-milbank,Left,290,452
227,Dana Summers (cartoonist),/news-source/dana-summers-cartoonist,Lean Right,161,183
228,Daryl Davis,/news-source/daryl-davis-media-bias,Center,6,4
229,Data for Progress,/news-source/data-progress-media-bias,Left,56,40
230,Dave Yost,/news-source/dave-yost-media-bias,Lean Right,27,24
231,David Axelrod,/news-source/david-axelrod-media-bias,Lean Left,27,23
232,David Brooks,/news-source/david-brooks,Lean Right,592,745
233,David French,/news-source/david-french-media-bias,Lean Right,107,104
234,David Frum,/news-source/david-frum-media-bias,Lean Right,67,124
235,David Harsanyi,/news-source/david-harsanyi-media-bias,Right,91,73
236,David Holmes,/news-source/david-holmes,Lean Left,138,98
237,David Ignatius,/news-source/david-ignatius,Center,235,338
238,David Leonhardt,/news-source/david-leonhardt,Lean Left,335,235
239,David Marcus,/news-source/david-marcus-media-bias,Right,29,30
240,David Meyers,/news-source/david-meyers-media-bias,Center,18,23
241,David Nevins,/news-source/david-nevins-media-bias,Center,15,14
242,David Petraeus,/news-source/david-petraeus-media-bias,Center,63,67
243,David Rothkopf,/news-source/david-rothkopf-media-bias,Lean Left,10,6
244,Dayton Daily News,/news-source/dayton-daily-news-media-bias,Center,23,23
245,Deadline,/news-source/deadline-media-bias,Center,29,46
246,Debilyn Molineaux,/news-source/debilyn-molineaux-media-bias,Lean Left,44,51
247,Debra Saunders,/news-source/debra-saunders,Right,213,180
248,Defense One,/news-source/defense-one-media-bias,Center,414,406
249,Democracy Now!,/news-source/democracy-now,Left,14610,3409
250,Dennis Prager,/news-source/dennis-prager-media-bias,Right,436,231
251,Des Moines Register,/news-source/desmoines-register,Center,200,325
252,Deseret News,/news-source/deseret-news,Center,1512,2048
253,Desiring God,/news-source/desiring-god-media-bias,Lean Right,64,74
254,DetectFakeNews.com,/news-source/detectfakenewscom-media-bias,Center,65,86
255,Detroit Free Press,/news-source/detroit-free-press,Lean Left,351,393
256,Detroit Lakes Tribune,/news-source/detroit-lakes-tribune-media-bias,Center,2,2
257,Detroit News,/news-source/detroit-news,Center,228,370
258,Deutsche Welle,/news-source/deutsche-welle-media-bias,Center,274,166
259,Diamond and Silk,/news-source/diamond-and-silk-media-bias,Right,263,102
260,Diamond and Silk,/news-source/diamond-and-silk-media-bias-0,Right,5,4
261,Dick Locher (cartoonist),/news-source/dick-locher-cartoonist,Right,91,113
262,Dick Morris,/news-source/dick-morris,Lean Right,282,347
263,Diplomatic Courier,/news-source/diplomatic-courier,Center,440,368
264,DiversityInc,/news-source/diversityinc-media-bias,Lean Left,3,3
265,Divided We Fall,/news-source/divided-we-fall-media-bias,Mixed,39,33
266,Divided We Fall (author),/news-source/divided-we-fall-author-media-bias,Mixed,37,31
267,Dominic Pino,/news-source/dominic-pino-media-bias,Lean Right,14,13
268,Douglas Murray,/news-source/douglas-murray-media-bias,Lean Right,6,8
269,Dr. Abdul El-Sayed,/news-source/dr-abdul-el-sayed-media-bias,Left,86,54
270,Dr. Ben Carson,/news-source/dr-ben-carson-media-bias,Lean Right,82,72
271,Drew Litton (cartoonist),/news-source/drew-litton-cartoonist,Center,91,136
272,Drew Sheneman (cartoonist),/news-source/drew-sheneman-cartoonist,Left,147,107
273,Drudge Report,/news-source/drudge-report,Lean Right,2439,2355
274,Duke Chronicle,/news-source/duke-chronicle,Center,483,493
275,Dylan Rose,/news-source/dylan-rose-media-bias,Center,44,37
276,E J Dionne,/news-source/e-j-dionne,Left,612,502
277,East Bay Times,/news-source/east-bay-times,Lean Left,151,102
278,Ebony,/news-source/ebony-media-bias,Left,6,4
279,Economic Policy Institute,/news-source/economic-policy-institute,Left,437,350
280,Ed Kilgore,/news-source/ed-kilgore-media-bias,Lean Left,31,30
281,Ed Rogers,/news-source/ed-rogers,Right,214,134
282,Ed Yong,/news-source/ed-yong-media-bias,Center,18,18
283,Eddie Scarry,/news-source/eddie-scarry-media-bias,Right,42,37
284,Eden Prairie Local News,/news-source/eden-prairie-local-news-media-bias,Center,3,4
285,Education Week,/news-source/education-week,Center,201,287
286,EdVotes.org,/news-source/edvotesorg,Left,171,95
287,Edward Morrissey,/news-source/edward-morrissey,Right,200,199
288,El Paso Times,/news-source/el-paso-times-media-bias,Center,13,14
289,Eli Pariser,/news-source/eli-parser-media-bias,Left,99,68
290,Eli Steinberg,/news-source/eli-steinberg-media-bias,Center,33,39
291,Elie Mystal,/news-source/elie-mystal-media-bias,Left,64,39
292,Elizabeth Bruenig,/news-source/elizabeth-bruenig-media-bias,Left,10,15
293,Elle Magazine,/news-source/elle-magazine-media-bias,Lean Left,87,76
294,Elvia Díaz,/news-source/elvia-d-az-media-bias,Left,19,8
295,Emily Oster,/news-source/emily-oster-media-bias,Center,3,15
296,Environmental Defense Fund,/news-source/environmental-defense-fund,Lean Left,477,430
297,Eric Allie (cartoonist),/news-source/eric-allie-cartoonist,Right,181,151
298,Eric Boehm,/news-source/eric-boehm-media-bias,Lean Right,44,42
299,Eric Holder,/news-source/eric-holder-media-bias,Lean Left,126,493
300,Erie Gay News,/news-source/erie-gay-news-media-bias,Lean Left,4,3
301,Erik Wemple,/news-source/erik-wemple,Center,376,511
302,Erraticus,/news-source/erraticus-media-bias,Center,70,46
303,ESPN.com,/news-source/espn,Lean Left,309,329
304,Esquire,/news-source/esquire,Left,1412,648
305,Estes Park Trail Gazette,/news-source/estes-park-trail-gazette,Center,339,408
306,Ethan Horowitz,/news-source/ethan-horowitz-media-bias,Lean Right,13,13
307,Eugene Robinson,/news-source/eugene-robinson,Left,371,250
308,Eurek Alert,/news-source/eurek-alert,Center,428,473
309,Evie Magazine,/news-source/evie-magazine-media-bias,Lean Right,276,116
310,Ezra Klein,/news-source/ezra-klein,Left,650,421
311,Face the Facts USA,/news-source/face-facts-usa,Center,308,464
312,Fact Check Review (RealClearPolitics),/news-source/fact-check-review-realclearpolitics-media-bias,Center,223,185
313,FactCheck.org,/news-source/factcheckorg-media-bias,Center,7991,7581
314,FAIR,/news-source/fair-media-bias,Lean Left,697,710
315,Fairmont Sentinel,/news-source/fairmont-sentinel-media-bias,Center,3,1
316,Falls Church News - Press,/news-source/falls-church-news-press,Left,487,526
317,Family Research Council,/news-source/family-research-council,Lean Right,533,795
318,Fareed Zakaria,/news-source/fareed-zakaria,Center,593,1037
319,Farhad Manjoo,/news-source/farhad-manjoo-media-bias,Lean Left,40,41
320,Federation of American Scientists,/news-source/federation-american-scientists,Lean Left,420,504
321,FEE.org,/news-source/feeorg-media-bias,Lean Right,729,242
322,Financial Times,/news-source/financial-times-media-bias,Center,1135,738
323,First Draft News,/news-source/first-draft-media-bias,Center,50,57
324,Fiscal Times,/news-source/fiscal-times,Lean Right,791,701
325,FiveThirtyEight,/news-source/fivethirtyeight-0,Center,4877,4332
326,Florida Politics,/news-source/florida-politics-media-bias,Center,17,51
327,Food Democracy Now,/news-source/food-democracy-now,Lean Left,199,223
328,Forbes,/news-source/forbes,Center,15305,9926
329,Foreign Affairs,/news-source/foreign-affairs,Center,1195,701
330,Foreign Policy,/news-source/foreign-policy-media-bias,Center,457,511
331,Fort Worth Star-Telegram,/news-source/fort-worth-star-telegram-media-bias,Center,53,79
332,Fortune,/news-source/fortune,Center,280,449
333,Forward,/news-source/forward-media-bias,Center,2,0
334,Foundation Against Intolerance and Racism,/news-source/foundation-against-intolerance-and-racism-media-bias,Center,4,9
335,Fox Business,/news-source/fox-business-media-bias,Lean Right,437,254
336,Fox News (Online News),/news-source/fox-news-media-bias,Right,50151,51851
337,Fox News (Opinion),/news-source/fox-news-editorial-media-bias,Right,32172,7395
338,Fox News Latino,/news-source/fox-news-latino,Right,2943,1316
339,Fox21,/news-source/fox21-media-bias,Center,20,20
340,Fox9,/news-source/fox9-media-bias,Center,22,28
341,Frank Bruni,/news-source/frank-bruni,Lean Left,206,236
342,Frank Miniter,/news-source/frank-miniter,Right,423,402
343,Franklin D. Kramer,/news-source/franklin-d-kramer-media-bias,Center,18,14
344,Freakonomics,/news-source/freakonomics,Center,491,306
345,Free Press,/news-source/free-press-media-bias,Left,2,1
346,Freedom House,/news-source/freedom-house,Lean Right,168,236
347,Frida Ghitis,/news-source/frida-ghitis-media-bias,Lean Left,24,39
348,Froma Harrop,/news-source/froma-harrop,Lean Left,138,133
349,FrontPage Magazine,/news-source/frontpage-magazine,Right,673,494
350,Gabrielle Giffords,/news-source/gabrielle-giffords-media-bias,Lean Left,82,98
351,Gallup,/news-source/gallup,Center,819,737
352,Gary Markstein (cartoonist),/news-source/gary-markstein-cartoonist,Center,81,110
353,Gary Varvel (cartoonist),/news-source/gary-varvel-cartoonist,Right,116,55
354,Gay City News,/news-source/gay-city-news-media-bias,Lean Left,6,3
355,Gay Times,/news-source/gay-times-media-bias,Lean Left,5,4
356,GayBuzzer,/news-source/gaybuzzer-media-bias,Center,7,6
357,GayNewsToday,/news-source/gaynewstoday-media-bias,Left,7,2
358,GayStarNews,/news-source/gaystarnews-media-bias,Left,5,2
359,Gell,/news-source/gell-media-bias,Mixed,147,107
360,George W. Bush,/news-source/george-w-bush-media-bias,Lean Right,221,124
361,George Will,/news-source/george-will,Right,687,1093
362,Georgia Asian Times,/news-source/georgia-asian-times-media-bias,Center,8,9
363,Georgia Recorder,/news-source/georgia-recorder-media-bias,Center,7,9
364,Georgia Voice,/news-source/georgia-voice-media-bias,Left,2,2
365,Gina Baleria,/news-source/gina-baleria-media-bias,Lean Left,47,46
366,Gizmodo,/news-source/gizmodo,Lean Left,413,274
367,GLAAD,/news-source/glaad-media-bias,Lean Left,103,302
368,GLAAD,/news-source/glaad-media-bias-0,Left,6,2
369,Glenn Beck,/news-source/glenn-beck,Right,1109,352
370,Glenn Greenwald,/news-source/glenn-greenwald-media-bias,Center,236,301
371,Glenn Harlan Reynolds,/news-source/glenn-harlan-reynolds-media-bias,Lean Right,51,44
372,Glenn Loury,/news-source/glenn-loury-media-bias,Center,3,3
373,Glenn McCoy (cartoonist),/news-source/glenn-mccoy-cartoonist,Right,84,68
374,Global Disinformation Index ,/news-source/global-disinformation-index-media-bias,Left,33,28
375,Global News,/news-source/global-news-media-bias,Lean Left,4,4
376,Gloria Steinem,/news-source/gloria-steinem-media-bias,Left,72,34
377,GoLocal Providence,/news-source/golocal-providence-media-bias,Center,47,31
378,Good Faith Media,/news-source/good-faith-media-media-bias,Lean Left,2,2
379,Good News Magazine,/news-source/good-news-magazine-media-bias,Lean Right,2,1
380,Google News,/news-source/google-news-media-bias,Lean Left,1126,826
381,GOP.gov,/news-source/gopgov,Right,653,322
382,Gothamist,/news-source/gothamist-media-bias,Center,10,8
383,Govt. Accountability Office,/news-source/government-accountability-office-media-bias,Center,40,34
384,GQ.com,/news-source/gqcom-media-bias,Lean Left,258,293
385,Greg Sargent,/news-source/greg-sargent-media-bias,Left,10,15
386,Grist,/news-source/grist,Lean Left,578,607
387,Grover Norquist,/news-source/grover-norquist,Right,486,216
388,Guest Writer - Center,/news-source/guest-writer-center-media-bias,Center,123,161
389,Guest Writer - Left,/news-source/guest-writer-left,Lean Left,279,362
390,Guest Writer - Right,/news-source/guest-writer-right,Lean Right,332,444
391,Guy Benson,/news-source/guy-benson-media-bias,Right,1,5
392,H.R. McMaster,/news-source/hr-mcmaster-media-bias,Center,71,47
393,Haaretz,/news-source/haaretz-media-bias,Center,43,95
394,Hampton Roads Messanger,/news-source/hampton-roads-messanger,Center,448,451
395,Harvard Business School,/news-source/harvard-business-school,Lean Left,861,1078
396,Hasan Piker,/news-source/hasan-piker-media-bias,Left,56,10
397,Hawaii News Now,/news-source/hawaii-news-now-media-bias,Center,2,3
398,Hayes Brown,/news-source/hayes-brown-media-bias,Left,27,19
399,Healthcare.gov,/news-source/healthcaregov,Lean Left,335,662
400,Heather Mac Donald,/news-source/heather-mcdonald,Right,191,230
401,Heather Thompson Day,/news-source/heather-thompson-day-media-bias,Center,27,31
402,Heavy.com,/news-source/heavycom-media-bias,Center,204,263
403,Helaine Olen,/news-source/helaine-olen-media-bias,Lean Left,9,9
404,Helen Andrews,/news-source/helen-andrews-media-bias,Lean Right,41,33
405,Henry A. Brechter,/news-source/henry-brechter-media-bias,Center,130,152
406,Henry Payne (cartoonist),/news-source/henry-payne-cartoonist,Right,121,136
407,Henry Windsor,/news-source/henry-windsor-media-bias,Lean Left,30,28
408,Herald Democrat,/news-source/herald-democrat-0,Left,567,464
409,Herald-Dispatch,/news-source/herald-dispatch,Lean Left,35,30
410,Herald-Tribune,/news-source/herald-tribune-media-bias,Lean Left,11,6
411,Heterodox Academy,/news-source/heterodox-academy-media-bias,Center,5,3
412,High Times,/news-source/high-times-media-bias,Lean Left,79,73
413,Hindustan Times,/news-source/hindustan-times-media-bias,Center,6,22
414,Hip Latina,/news-source/hip-latina-media-bias,Left,55,44
415,Hirsh Joshi,/news-source/hirsh-joshi-media-bias,Left,91,73
416,Homeland Security Today,/news-source/homeland-security-today-media-bias,Lean Left,14,17
417,Honolulu Civil Beat,/news-source/honolulu-civil-beat,Center,427,585
418,HotAir,/news-source/hotair,Lean Right,1163,1038
419,Houston Chronicle,/news-source/houston-chronicle-media-bias,Center,214,470
420,Howard Kurtz,/news-source/howard-kurtz,Center,558,483
421,Hudson Crozier,/news-source/hudson-crozier-media-bias,Lean Right,7,8
422,HuffPost,/news-source/huffpost-media-bias,Left,37648,22712
423,Human Events,/news-source/human-events-media-bias,Lean Right,19,14
424,Human Rights Campaign,/news-source/human-rights-campaign-media-bias,Left,137,49
425,Human Rights Watch,/news-source/human-rights-watch-media-bias,Center,112,172
426,Hyria Stuart,/news-source/hyria-stuart-media-bias,Lean Left,43,52
427,Idaho Statesman,/news-source/idaho-statesman-media-bias,Center,163,213
428,In This Together,/news-source/together-media-bias,Center,2,1
429,Inacow,/news-source/inacow,Right,446,344
430,IncentFit,/news-source/incentfit-media-bias,Center,14,15
431,Independent Institute,/news-source/independent-institute,Lean Right,365,380
432,Independent Journal Review,/news-source/independent-journal-review,Lean Right,1399,1312
433,Indiana Daily Student,/news-source/indiana-daily-student,Center,335,451
434,Indy Online,/news-source/indy-online,Center,355,380
435,Indy Week,/news-source/indy-week,Lean Left,371,409
436,IndyStar,/news-source/indystar-media-bias,Center,65,76
437,InfoWars,/news-source/infowars,Right,5569,1208
438,Inland Valley Daily Bulletin,/news-source/inland-valley-daily-bulletin-media-bias,Center,44,47
439,Inside Higher Ed,/news-source/inside-higher-ed-media-bias,Lean Left,24,21
440,Inside Philanthropy,/news-source/inside-philanthropy,Center,366,411
441,Insider,/news-source/insider-media-bias,Lean Left,4522,6776
442,Institute for Cultural Evolution,/news-source/institute-cultural-evolution-media-bias,Center,3,5
443,Intellectual Conservative,/news-source/intellectual-conservative,Lean Right,420,472
444,International Business Times,/news-source/international-business-times,Center,1158,946
445,Investopedia,/news-source/investopedia-media-bias,Center,3,5
446,Investor's Business Daily,/news-source/investors-business-daily,Lean Right,1330,1091
447,Iowa Capital Dispatch,/news-source/iowa-capital-dispatch-media-bias,Center,18,25
448,Ipsos,/news-source/ipsos-media-bias,Center,12,27
449,Isaiah Anthony,/news-source/isaiah-anthony-media-bias,Center,16,11
450,Issue One,/news-source/issue-one-media-bias,Center,8,7
451,IVN,/news-source/ivn,Center,517,523
452,Jack Ohman (cartoonist),/news-source/jack-ohman-cartoonist,Left,99,59
453,Jack Shafer,/news-source/jack-shafer-media-bias,Center,13,15
454,Jack Welch,/news-source/jack-welch,Lean Right,167,159
455,Jackson Lanzer,/news-source/jackson-lanzer-media-bias,Center,59,69
456,Jacob Hess,/news-source/jacob-hess-media-bias,Right,49,47
457,Jacobin,/news-source/jacobin-media-bias,Left,1185,285
458,Jamelle Bouie,/news-source/jamelle-bouie-media-bias,Left,13,10
459,James Bovard,/news-source/james-bovard-media-bias,Lean Right,68,49
460,James Coan,/news-source/james-coan-media-bias,Center,55,65
461,James Downie,/news-source/james-downie-media-bias,Left,18,21
462,James Hohmann,/news-source/james-hohmann,Lean Right,119,112
463,James Mattis,/news-source/james-mattis-media-bias,Center,125,101
464,James Pethokoukis,/news-source/james-pethokoukis,Lean Right,134,128
465,James Poulos,/news-source/james-poulos,Right,96,81
466,Jared McKiernan,/news-source/jared-mckiernan-media-bias,Center,41,47
467,Jason L Riley,/news-source/jason-l-riley-media-bias,Lean Right,4,1
468,Jed Shugerman,/news-source/jed-shugerman-media-bias,Lean Left,5,6
469,Jeff Danziger (cartoonist),/news-source/jeff-danziger-cartoonist,Left,92,85
470,Jeff Flake,/news-source/jeff-flake-media-bias,Lean Right,129,269
471,Jeff Jacoby,/news-source/jeff-jacoby,Right,151,119
472,Jeff Spross,/news-source/jeff-spross-media-bias,Left,68,53
473,Jeff Stahler (cartoonist),/news-source/jeff-stahler-cartoonist,Left,109,83
474,Jefferson Public Radio,/news-source/jefferson-public-radio-media-bias,Center,39,43
475,Jen Sorensen (cartoonist),/news-source/jen-sorensen-cartoonist,Left,97,71
476,Jennifer Auer,/news-source/jennifer-auer-media-bias,Center,35,34
477,Jennifer Rubin,/news-source/jennifer-rubin,Lean Left,274,468
478,Jeremy E Sherman,/news-source/jeremy-e-sherman-media-bias,Lean Left,57,67
479,Jeremy Garson,/news-source/jeremy-garson-media-bias,Lean Left,22,22
480,Jeremy Stahl,/news-source/jeremy-stahl-media-bias,Left,22,17
481,Jerry Bowyer,/news-source/jerry-bowyer,Right,193,276
482,Jerry Holbert (cartoonist),/news-source/jerry-holbert-cartoonist,Right,96,82
483,Jesse Lee Peterson,/news-source/jesse-lee-peterson-media-bias,Right,3,1
484,Jessica Hardin,/news-source/jessica-hardin-media-bias,Center,24,21
485,Jewish Insider,/news-source/jewish-insider-media-bias,Center,11,18
486,Jezebel,/news-source/jezebel-media-bias,Left,481,154
487,Jill Lawrence,/news-source/jill-lawrence-media-bias,Lean Left,30,24
488,Jim Geraghty,/news-source/jim-geraghty-media-bias,Lean Right,73,70
489,Jim Morin (cartoonist),/news-source/jim-morin-cartoonist,Left,83,42
490,Jim Obergefell,/news-source/jim-obergefell-media-bias,Lean Left,71,65
491,Jim Rutenberg,/news-source/jim-rutenberg,Lean Left,97,85
492,Joan Blades,/news-source/joan-blades,Left,159,216
493,Joan Walsh,/news-source/joan-walsh-media-bias,Left,83,46
494,Joe Rogan,/news-source/joe-rogan-media-bias,Center,90,68
495,Joe Scarborough,/news-source/joe-scarborough,Lean Right,381,1517
496,Joel Osteen,/news-source/joel-osteen-media-bias,Center,3,5
497,Joel Pett (cartoonist),/news-source/joel-pett-cartoonist,Left,95,90
498,JoeMyGod,/news-source/joemygod-media-bias,Left,3,2
499,John Boehner,/news-source/john-boehner,Right,308,454
500,John Bolton,/news-source/john-bolton-media-bias,Lean Right,44,58
501,John Deering (cartoonist),/news-source/john-deering-cartoonist,Center,86,82
502,John Fund,/news-source/john-fund,Lean Right,185,196
503,"John Gable, AllSides Co-founder",/news-source/john-gable,Lean Right,294,366
504,John Gallagher,/news-source/john-gallagher-media-bias,Lean Left,11,10
505,John K. Herr,/news-source/john-k-herr,Lean Right,87,66
506,John Lewis,/news-source/john-lewis-media-bias,Lean Left,41,59
507,John Logan,/news-source/john-logan-media-bias,Lean Left,5,8
508,John Nichols,/news-source/john-nichols-media-bias,Left,8,6
509,John Podhoretz,/news-source/john-podhoretz-media-bias,Right,38,35
510,John Pudner,/news-source/john-pudner,Right,115,129
511,John R. Wood Jr.,/news-source/john-r-wood-jr-media-bias,Center,68,65
512,John Stossel,/news-source/john-stossel,Lean Right,983,756
513,Johnny Harris,/news-source/johnny-harris-media-bias,Lean Left,84,60
514,Jon Lovett,/news-source/jon-lovett-media-bias,Left,6,7
515,Jon Terbush,/news-source/jon-terbush,Lean Left,145,197
516,Jonah Goldberg,/news-source/jonah-goldberg-media-bias,Right,139,236
517,Jonathan Bernstein,/news-source/jonathan-bernstein-media-bias,Center,23,42
518,Jonathan Chait,/news-source/jonathan-chait,Left,195,176
519,Jonathan Haidt,/news-source/jonathan-haidt-media-bias,Center,126,88
520,Jonathan Miller,/news-source/jonathan-miller,Left,119,120
521,Jonathan Turley,/news-source/jonathan-turley-media-bias,Lean Right,27,43
522,Jordan Weissmann,/news-source/jordan-weissmann-media-bias,Left,47,41
523,Joseph Curl,/news-source/joseph-curl-media-bias,Right,2,3
524,Joseph Ratliff,/news-source/joseph-ratliff-media-bias,Lean Left,75,91
525,Journalist's Resource,/news-source/journalists-resource,Center,343,385
526,Joyce Meyer,/news-source/joyce-meyer-media-bias,Center,3,5
527,Jreg (Youtuber),/news-source/jreg-youtuber-media-bias,Center,86,94
528,JRL Charts,/news-source/jrl-charts-media-bias,Left,3,3
529,JSTOR Daily,/news-source/jstor-daily-media-bias,Center,92,83
530,Juan Williams,/news-source/juan-williams,Lean Left,645,636
531,Jubilee Media,/news-source/jubilee-media-bias,Center,362,434
532,Judicial Watch,/news-source/judicial-watch,Lean Right,1435,1499
533,Judson Berger,/news-source/judson-berger-media-bias,Lean Right,18,17
534,Judy Sheindlin,/news-source/judy-sheindlin-media-bias,Center,68,87
535,Julian Zelizer,/news-source/julian-zelizer,Lean Left,190,215
536,Julie Mastrine,/news-source/julie-mastrine-media-bias,Lean Right,112,115
537,Just Facts,/news-source/just-facts-media-bias,Center,165,218
538,Just Security,/news-source/just-security-media-bias,Center,56,63
539,Just The News,/news-source/just-news-media-bias,Center,356,797
540,Kaiser Family Foundation,/news-source/kaiser-family-foundation-media-bias,Center,19,27
541,KALW.org,/news-source/kalworg-media-bias,Center,50,58
542,KARE11,/news-source/kare11-media-bias,Center,3,3
543,Karen E. Young,/news-source/karen-e-young-media-bias,Center,8,4
544,Karl Rove,/news-source/karl-rove-media-bias,Lean Right,64,66
545,Kathleen Parker,/news-source/kathleen-parker,Lean Right,270,221
546,Katie Hill,/news-source/katie-hill-media-bias,Lean Left,81,114
547,Katie Hyten,/news-source/katie-hyten-media-bias,Center,34,32
548,Katrina vanden Heuvel,/news-source/katrina-vanden-heuvel-media-bias,Left,28,18
549,KATU,/news-source/katu-media-bias,Center,139,167
550,Keeping it Right,/news-source/keeping-it-right-media-bias,Right,3,2
551,Kelly Murphy,/news-source/kelly-murphy-media-bias,Lean Left,31,40
552,Ken Catalino (cartoonist),/news-source/ken-catalino-cartoonist,Right,54,54
553,Kenosha News,/news-source/kenosha-news-media-bias,Center,43,70
554,Kevin D. Williamson,/news-source/kevin-d-williamson-media-bias,Lean Right,34,27
555,Kevin Kallaugher (cartoonist),/news-source/kevin-kallaugher-cartoonist,Lean Left,74,61
556,Kevin McLaughlin,/news-source/kevin-mclaughlin-media-bias,Lean Right,22,22
557,Kilgore News Herald,/news-source/kilgore-news-herald-media-bias,Center,12,11
558,Kimberley A. Strassel,/news-source/kimberley-strassel,Right,261,174
559,Kirsten Powers,/news-source/kirsten-powers-media-bias,Lean Left,169,158
560,KNSI Radio,/news-source/knsi-radio-media-bias,Center,1,2
561,KQED,/news-source/kqed,Center,621,555
562,Kristin Hansen,/news-source/kristin-hansen-media-bias,Lean Left,46,55
563,Kristin Shiuey,/news-source/kristin-shiuey-media-bias,Center,9,12
564,KSL,/news-source/ksl,Right,1037,993
565,KSTP,/news-source/kstp-media-bias,Center,5,4
566,KTTC News,/news-source/kttc-news-media-bias,Center,0,2
567,KVRR,/news-source/kvrr-media-bias,Center,2,0
568,Kwame Raoul,/news-source/kwame-raoul-media-bias,Lean Left,35,38
569,KWCH,/news-source/kwch-media-bias,Center,37,33
570,Kyle Smith,/news-source/kyle-smith-media-bias,Lean Right,66,55
571,LA Sentinel,/news-source/la-sentinel-media-bias,Left,3,3
572,Lalo Alcaraz (cartoonist),/news-source/lalo-alcaraz-cartoonist,Left,68,50
573,Lanhee Chen,/news-source/lanhee-chen,Right,107,131
574,Laramie Boomerang,/news-source/laramie-boomerang-media-bias,Center,30,24
575,Laredo Morning Times,/news-source/laredo-morning-times-media-bias,Lean Left,9,7
576,Las Vegas Review-Journal,/news-source/las-vegas-review-journal-media-bias,Center,29,25
577,Las Vegas Sun,/news-source/las-vegas-sun,Lean Left,396,404
578,Latino Rebels,/news-source/latino-rebels-media-bias,Left,73,73
579,Laura Rose Junco,/news-source/laura-rose-junco-media-bias,Center,37,40
580,Lauren Duca,/news-source/lauren-duca,Left,132,116
581,Laurie Roberts,/news-source/laurie-roberts-media-bias,Lean Left,17,12
582,Law & Crime,/news-source/law-crime-media-bias,Center,76,99
583,Lawfare,/news-source/lawfare-media-bias,Center,12,9
584,Lead Stories,/news-source/lead-stories-media-bias,Center,131,479
585,Leadership Now Project,/news-source/leadership-now-project-media-bias,Center,4,3
586,Leafly,/news-source/leafly-media-bias,Left,46,36
587,Leana Wen,/news-source/leana-wen-media-bias,Lean Left,43,55
588,Leesburg Today,/news-source/leesburg-today,Lean Right,301,281
589,Left Guest Commentaries,/news-source/left-guest-commentaries,Left,150,162
590,Leo Necheles,/news-source/leo-necheles-media-bias,Center,19,27
591,Leonard Pitts Jr,/news-source/leonard-pitts-jr,Left,159,111
592,Lexington Herald-Leader,/news-source/lexington-herald-leader,Center,35,34
593,LGBTQ Nation,/news-source/lgbtq-nation-media-bias,Left,236,258
594,Life After Hate,/news-source/life-after-hate-media-bias,Lean Left,7,8
595,Lifehacker,/news-source/lifehacker,Center,461,460
596,Lisa Benson (cartoonist),/news-source/lisa-benson-cartoonist,Right,92,82
597,Lisa Gable,/news-source/lisa-gable-media-bias,Right,104,112
598,Live Action News,/news-source/live-action-news,Lean Right,427,298
599,Live Science,/news-source/live-science-media-bias,Center,132,118
600,Living Lutheran,/news-source/living-lutheran-media-bias,Center,3,2
601,Log Cabin,/news-source/log-cabin-media-bias,Right,3,4
602,Long Beach Press-Telegram,/news-source/long-beach-press-telegram-media-bias,Center,49,57
603,Longmont Times-Call,/news-source/longmont-times-call,Lean Left,257,222
604,Los Angeles Daily News,/news-source/los-angeles-daily-news-media-bias,Center,63,137
605,Los Angeles Times,/news-source/los-angeles-times-bias,Lean Left,5197,3850
606,Lucas Grindley,/news-source/lucas-grindley-media-bias,Lean Left,2,2
607,Lucy Pinto,/news-source/lucy-pinto-media-bias,Lean Left,40,52
608,Luke Winkie,/news-source/luke-winkie-media-bias,Left,7,4
609,Madeleine Albright,/news-source/madeleine-albright-media-bias,Lean Left,26,20
610,Maine Beacon,/news-source/maine-beacon-media-bias,Lean Left,16,20
611,Making Sense,/news-source/making-sense-media-bias,Center,66,43
612,Malala Yousafzai,/news-source/malala-yousafzai-media-bias,Center,32,31
613,Manhattan Institute,/news-source/manhattan-institute,Lean Right,370,442
614,Mankato Free Press,/news-source/mankato-free-press-media-bias,Lean Left,1,1
615,Marc A. Thiessen,/news-source/marc-thiessen,Right,495,299
616,Marc Joffe,/news-source/marc-joffe-media-bias,Lean Right,27,27
617,Marc Lamont Hill,/news-source/marc-lamont-hill-media-bias,Left,5,2
618,Marc Schulman,/news-source/marc-schulman-media-bias,Center,22,25
619,Marcia Beckford,/news-source/marcia-beckford-media-bias,Lean Left,40,48
620,Mariannette Miller-Meeks,/news-source/mariannette-miller-meeks-media-bias,Lean Right,7,7
621,Marijuana Moment,/news-source/marijuana-moment-media-bias,Lean Left,63,59
622,Mario Nicolais,/news-source/mario-nicolais-media-bias,Lean Right,35,34
623,Mark Begich,/news-source/mark-begich,Left,116,96
624,Mark Gerzon,/news-source/mark-gerzon,Center,83,96
625,Mark Hertsgaard,/news-source/mark-hertsgaard-media-bias,Lean Left,33,31
626,Mark Mix,/news-source/mark-mix,Right,126,91
627,Mark Morford,/news-source/morford-mark,Left,75,57
628,Mark Weaver,/news-source/mark-weaver-media-bias,Lean Right,2,4
629,MarketWatch,/news-source/marketwatch-media-bias,Center,496,1229
630,Marshall Ramsey (cartoonist),/news-source/marshall-ramsey-cartoonist,Center,92,83
631,Martin Luther King III,/news-source/martin-luther-king-iii-media-bias,Lean Left,50,61
632,Mary O'Grady,/news-source/mary-ogrady,Right,97,119
633,Mashable,/news-source/mashable,Left,677,298
634,Masih Alinejad,/news-source/masih-alinejad-media-bias,Center,66,53
635,MassLive.com,/news-source/masslivecom-media-bias,Lean Left,23,24
636,Matt Bors (cartoonist),/news-source/matt-bors-cartoonist,Left,83,40
637,Matt Byrne,/news-source/matt-byrne-media-bias,Center,33,31
638,Matt Davies (cartoonist),/news-source/matt-davies-cartoonist,Left,134,73
639,Matt Drudge,/news-source/matt-drudge,Right,521,550
640,Matt Lewis,/news-source/matt-lewis-media-bias,Center,32,41
641,Matt Taibbi,/news-source/matt-taibbi-media-bias,Center,26,24
642,Matt Towery,/news-source/matt-towery,Lean Right,90,80
643,Matt Welch,/news-source/matt-welch,Lean Right,139,225
644,Matt Wuerker (cartoonist),/news-source/matt-wuerker-cartoonist,Left,107,78
645,Matthew McConaughey,/news-source/matthew-mcconaughey-media-bias,Center,24,27
646,Matthew Walther,/news-source/matthew-walther-media-bias,Lean Right,145,58
647,Matthew Yglesias,/news-source/matthew-yglesias-media-bias,Lean Left,23,27
648,Maureen Callahan,/news-source/maureen-callahan-media-bias,Lean Right,17,17
649,Maureen Dowd,/news-source/maureen-dowd,Center,314,767
650,Max Boot,/news-source/max-boot-media-bias,Left,22,14
651,Max Karlin,/news-source/max-karlin-media-bias,Lean Right,45,48
652,McClatchyDC,/news-source/mcclatchydc-media-bias,Center,151,204
653,Meaws,/news-source/meaws-media-bias,Lean Left,1,3
654,Media Matters,/news-source/media-matters-bias,Left,3329,1770
655,Media Research Center,/news-source/media-research-center,Right,1496,1761
656,Media Village,/news-source/media-village-media-bias,Center,20,22
657,Mediaite,/news-source/mediaite-bias,Lean Left,1051,1098
658,Mercatus Center,/news-source/mercatus-center-media-bias,Lean Right,45,29
659,Meridian Magazine,/news-source/meridian-magazine-media-bias,Lean Right,20,18
660,Merrick Garland,/news-source/merrick-garland-media-bias,Lean Left,14,39
661,Metro Weekly,/news-source/metro-weekly-media-bias,Left,29,31
662,Mexico Daily Post,/news-source/mexico-daily-post-media-bias,Center,5,6
663,Mexico News Daily,/news-source/mexico-news-daily-media-bias,Center,11,12
664,Miami Herald,/news-source/miami-herald,Lean Left,547,558
665,Micaela Ricaforte,/news-source/micaela-ricaforte-media-bias,Center,55,57
666,Michael A. Cohen,/news-source/michael-cohen-media-bias,Lean Left,19,21
667,Michael Arceneaux,/news-source/michael-arceneaux-media-bias,Left,0,3
668,Michael Barone,/news-source/michael-barone,Lean Right,185,149
669,Michael Brendan Dougherty,/news-source/michael-brendan-dougherty,Lean Right,197,196
670,Michael Gerson,/news-source/michael-gerson,Lean Right,206,168
671,Michael Goodwin,/news-source/michael-goodwin,Right,344,127
672,Michael Graham,/news-source/michael-graham-media-bias,Right,66,80
673,Michael Kinsley,/news-source/michael-kinsley,Left,157,112
674,Michael Medved,/news-source/michael-medved,Right,177,243
675,Michael Ramirez (cartoonist),/news-source/michael-ramirez-cartoonist,Right,146,152
676,Michael Strong,/news-source/michael-strong-media-bias,Lean Right,33,37
677,Michael Tauberg,/news-source/michael-tauberg-media-bias,Center,38,45
678,Michelle Alexander,/news-source/michelle-alexander-media-bias,Lean Left,227,169
679,Michelle Goldberg,/news-source/michelle-goldberg-media-bias,Left,159,138
680,Michelle Malkin,/news-source/michelle-malkin,Right,624,316
681,MichelleMalkin.com,/news-source/michellemalkincom,Right,697,360
682,Michigan Daily,/news-source/michigan-daily,Lean Left,332,302
683,Migration Policy Institute,/news-source/migration-policy-institute-media-bias,Center,18,23
684,Mike Huckabee,/news-source/mike-huckabee-media-bias,Lean Right,117,152
685,Mike Lester (cartoonist),/news-source/mike-lester-cartoonist,Right,57,47
686,Mike Luckovich (cartoonist),/news-source/mike-luckovich-cartoonist,Left,176,153
687,Mike Pence,/news-source/mike-pence-media-bias,Right,340,140
688,Mike Thompson (cartoonist),/news-source/mike-thompson-cartoonist,Center,86,109
689,Military Times,/news-source/military-times-media-bias,Center,187,211
690,Millennial Action Project,/news-source/millennial-action-project-media-bias,Center,1,4
691,Milwaukee Journal Sentinel,/news-source/milwaukee-journal-sentinel-media-bias,Center,19,34
692,Minnesota Lawyer,/news-source/minnesota-lawyer-media-bias,Center,6,5
693,Minnesota Native News,/news-source/minnesota-native-news-media-bias,Center,1,1
694,Minnesota News Network,/news-source/minnesota-news-network-media-bias,Center,2,1
695,Minnesota Public Radio,/news-source/minnesota-public-radio-media-bias,Center,3,9
696,Minnesota Reformer,/news-source/minnesota-reformer-media-bias,Left,11,6
697,Minnesota Spokesman Reporter,/news-source/minnesota-spokesman-reporter-media-bias,Center,6,6
698,MinnPost,/news-source/minnpost-media-bias,Center,1,1
699,Miranda Devine,/news-source/miranda-devine-media-bias,Right,67,38
700,Mises Institute,/news-source/mises-institute-media-bias,Lean Right,105,69
701,Misinformation Review,/news-source/misinformation-review-media-bias,Center,63,81
702,Mismatch.org,/news-source/mismatchorg-media-bias,Mixed,147,152
703,Mississippi Today,/news-source/mississippi-today-media-bias,Center,6,6
704,MIT News,/news-source/mit-news,Center,342,293
705,Mitú,/news-source/mit-media-bias,Left,58,50
706,MLive.com,/news-source/mlive-media-bias,Center,35,67
707,"Moníca Guzman, Braver Angels",/news-source/mon-ca-guzman-braver-angels-media-bias,Lean Left,25,27
708,Monica Hesse,/news-source/monica-hesse-media-bias,Lean Left,7,9
709,More in Common,/news-source/more-common-media-bias,Center,3,2
710,Morgan Jacobsen,/news-source/morgan-jacobsen,Center,111,132
711,Morning Brew,/news-source/morning-brew-media-bias,Lean Left,4,2
712,Mother Jones,/news-source/mother-jones-bias,Left,16769,2554
713,MSNBC,/news-source/msnbc,Left,23963,6089
714,MTV News Online,/news-source/mtv-news-online-media-bias,Lean Left,193,308
715,Multiple Writers - Center,/news-source/multiple-writers-center-media-bias,Center,57,62
716,Multiple Writers - Lean Left,/news-source/multiple-writers-lean-left-media-bias,Lean Left,39,41
717,Multiple Writers - Lean Right,/news-source/multiple-writers-lean-right-media-bias,Lean Right,40,32
718,Multiple Writers - Left,/news-source/multiple-writers-left-media-bias,Left,40,21
719,Multiple Writers - Mixed,/news-source/multiple-writers-media-bias,Mixed,61,66
720,Multiple Writers - Right,/news-source/multiple-writers-right-media-bias,Right,28,17
721,NAACP,/news-source/naacp-media-bias,Lean Left,439,846
722,National Catholic Register,/news-source/national-catholic-register-media-bias,Right,4,3
723,National Committee to Preserve Social Security and Medicare,/news-source/national-committee-preserve-social-security-and-medicare,Left,320,279
724,National Conference of State Legislatures,/news-source/national-conference-state-legislatures-media-bias,Center,10,8
725,National Constitution Center,/news-source/national-constitution-center-media-bias,Center,202,190
726,National Federation of Independent Business,/news-source/national-federation-independent-business-media-bias,Lean Right,37,37
727,National Geographic,/news-source/national-geographic-media-bias,Center,317,278
728,National Institute for Civil Discourse,/news-source/national-institute-civil-discourse-media-bias,Center,8,7
729,National Interest,/news-source/national-interest,Center,306,435
730,National Journal,/news-source/national-journal,Center,1096,858
731,National Post,/news-source/national-post-media-bias,Lean Right,103,37
732,National Review,/news-source/national-review,Right,21526,8893
733,National Review Fact Check,/news-source/forgotten-fact-checks-national-review-media-bias,Right,290,211
734,Nature.com,/news-source/naturecom-media-bias,Center,270,207
735,Nautilus Quarterly,/news-source/nautilus-quarterly-media-bias,Center,42,37
736,NBC News (Online),/news-source/nbc-news-media-bias,Lean Left,14341,13578
737,NBC Today Show,/news-source/nbc-today-show,Lean Left,1712,1790
738,Neal K. Katyal,/news-source/neal-k-katyal-media-bias,Lean Left,61,48
739,Neil J. Young,/news-source/neil-j-young-media-bias,Lean Left,98,112
740,Neil Patel,/news-source/neil-patel-media-bias,Right,38,33
741,Network for Responsible Public Policy,/news-source/network-responsible-public-policy-media-bias,Center,1,0
742,New Discourses,/news-source/new-discourses-media-bias,Center,179,162
743,New Economy Working Group,/news-source/new-economy-working-group,Lean Left,131,106
744,New Hampshire Union Leader,/news-source/union-leader,Center,101,110
745,New Jersey Globe,/news-source/new-jersey-globe-media-bias,Center,20,19
746,New Jersey Monitor,/news-source/new-jersey-monitor-media-bias,Lean Left,17,18
747,New Pittsburgh,/news-source/new-pittsburgh-media-bias,Left,5,6
748,New Republic,/news-source/new-republic,Left,1955,914
749,New York Daily News,/news-source/new-york-daily-news,Left,1636,732
750,New York Magazine,/news-source/new-york-magazine,Left,2480,1071
751,New York Post (News),/news-source/new-york-post,Lean Right,17240,8997
752,New York Post (Opinion),/news-source/new-york-post-opinion-media-bias,Right,423,207
753,New York Times (News),/news-source/new-york-times,Lean Left,32736,42466
754,New York Times (Opinion),/news-source/new-york-times-opinion-media-bias,Left,17604,4957
755,New York Times Fact Check ,/news-source/new-york-times-fact-check-media-bias,Lean Left,339,470
756,News Center Maine,/news-source/news-center-maine-media-bias,Lean Left,12,11
757,News Literacy Project,/news-source/news-literacy-project-media-bias,Center,65,60
758,News One,/news-source/news-one-media-bias,Lean Left,3,4
759,NewsBusters,/news-source/newsbusters,Right,695,378
760,Newsmax (News),/news-source/newsmax,Right,12006,11727
761,Newsmax - Opinion,/news-source/newsmax-opinion-media-bias,Right,690,223
762,NewsNation,/news-source/newsnation-media-bias,Center,516,605
763,NewsOne,/news-source/newsonecom-media-bias,Left,290,127
764,Newsweek,/news-source/newsweek,Center,4704,8493
765,Newsy,/news-source/newsy-media-bias,Center,489,369
766,Newt Gingrich,/news-source/newt-gingrich,Right,886,382
767,Newtrals,/news-source/newtrals-media-bias,Center,47,37
768,Nicholas Kristof,/news-source/nicholas-kristof,Left,401,384
769,Nick Anderson (cartoonist),/news-source/nick-anderson-cartoonist,Center,69,87
770,Nieman Lab,/news-source/nieman-lab-media-bias,Center,133,138
771,nj.com,/news-source/njcom-media-bias,Lean Left,19,24
772,NMPolitics.net,/news-source/nmpoliticsnet,Center,261,319
773,No Labels,/news-source/no-labels,Center,168,152
774,Noah Rothman,/news-source/noah-rothman-media-bias,Lean Right,77,67
775,Noah Smith,/news-source/noah-smith-media-bias,Lean Left,35,46
776,North Wright County Today,/news-source/north-wright-county-today-media-bias,Center,2,1
777,NowThis News,/news-source/nowthis-news-media-bias,Lean Left,3,6
778,NPR (Online News),/news-source/npr-media-bias,Lean Left,34120,33681
779,NPR (Opinion) ,/news-source/npr-editorial,Lean Left,9472,11237
780,NPR Fact Check,/news-source/npr-fact-check-media-bias,Lean Left,413,469
781,NYNMedia,/news-source/nynmedia-media-bias,Left,19,17
782,Occupy Democrats,/news-source/occupy-democrats-media-bias,Left,5,4
783,Ohio Capital Journal,/news-source/ohio-capital-journal-media-bias,Lean Left,27,19
784,OilPrice.com,/news-source/oilpricecom-media-bias,Center,21,17
785,One America News Network (OAN),/news-source/one-america-news-network-media-bias,Right,2782,1475
786,One Nation News,/news-source/one-nation-news-media-bias,Lean Left,3,2
787,OpenSecrets.org,/news-source/opensecretsorg,Center,763,560
788,Orange County Register,/news-source/orange-county-register,Lean Right,440,361
789,Orlando Sentinel,/news-source/orlando-sentinel-media-bias,Center,23,48
790,Our.News,/news-source/ournews-media-bias,Center,31,27
791,Out,/news-source/out-media-bias,Left,3,2
792,Out In Jersey,/news-source/out-jersey-media-bias,Lean Left,1,3
793,Outkick the Coverage,/news-source/outkick-media-bias,Center,58,126
794,Pacific Research Institute,/news-source/pacific-research-institute,Right,244,246
795,Pacific Standard,/news-source/pacific-standard,Lean Left,483,440
796,Palm Springs Desert Sun,/news-source/palm-springs-desert-sun-media-bias,Center,31,35
797,Pasadena Star-News,/news-source/pasadena-star-news-media-bias,Center,42,48
798,Pat Buchanan,/news-source/pat-buchanan-media-bias,Right,259,120
799,Pat Oliphant (cartoonist),/news-source/pat-oliphant-cartoonist,Center,83,92
800,Patch.com,/news-source/patchcom-media-bias,Center,50,110
801,Paul Brandus,/news-source/paul-brandus-media-bias,Center,23,34
802,Paul Krugman,/news-source/paul-krugman,Left,770,448
803,Paul Mulholland,/news-source/paul-mulholland-media-bias,Lean Left,16,21
804,Paul Szep (cartoonist),/news-source/paul-szep-cartoonist,Center,82,77
805,Paul Volcker,/news-source/paul-volcker-media-bias,Center,98,78
806,Paul Waldman,/news-source/paul-waldman-media-bias,Left,40,29
807,PBS NewsHour,/news-source/pbs-newshour,Lean Left,4065,3147
808,Peacock Panache,/news-source/peacock-panache,Left,241,136
809,Pedro Silva,/news-source/pedro-silva-media-bias,Center,38,54
810,Peggy Noonan,/news-source/peggy-noonan,Right,433,688
811,Pennsylvania Capital-Star,/news-source/pennsylvania-capital-star-media-bias,Lean Right,29,29
812,People,/news-source/people-media-bias,Lean Left,29,35
813,People for the American Way,/news-source/people-american-way,Left,406,262
814,Persuasion,/news-source/persuasion-media-bias,Lean Left,4,4
815,Pete Weichlein,/news-source/pete-weichlein-media-bias,Center,6,10
816,Peter Boghossian,/news-source/peter-boghossian-media-bias,Center,6,1
817,Peter Roff,/news-source/peter-roff,Lean Right,392,202
818,Peter Thiel,/news-source/peter-thiel-media-bias,Lean Right,121,160
819,Pew Research Center,/news-source/pew-research,Center,2710,1728
820,Philadelphia Gay News,/news-source/philadelphia-gay-news-media-bias,Lean Left,3,5
821,Phillip Bader,/news-source/phillip-bader-media-bias,Center,40,53
822,Phys.org,/news-source/physorg,Center,289,165
823,Physicians for a National Health Program,/news-source/physicians-national-health-program,Left,266,184
824,Physicians for Life,/news-source/physicians-life-media-bias,Lean Right,12,24
825,Piers Morgan,/news-source/piers-morgan,Lean Left,512,872
826,PinkNews,/news-source/pinknews-media-bias,Left,194,62
827,Pittsburgh Post-Gazette,/news-source/pittsburgh-post-gazette,Center,402,473
828,PJ Media,/news-source/pj-media-media-bias,Right,791,331
829,Political Empathy Project,/news-source/political-empathy-project-media-bias,Center,8,8
830,Politico,/news-source/politico-media-bias,Lean Left,25251,32127
831,PoliticusUSA,/news-source/politicususa,Left,1233,439
832,PolitiFact,/news-source/politifact,Lean Left,7297,5281
833,Pope County Tribune,/news-source/pope-county-tribune-media-bias,Center,9,9
834,Portland Press Herald,/news-source/portland-press-herarld,Center,316,470
835,Post-Bulletin,/news-source/post-bulletin-media-bias,Center,2,3
836,Poynter,/news-source/poynter-media-bias,Center,207,475
837,Poynter Fact Check ,/news-source/poynter-fact-check-media-bias,Center,124,170
838,Prager University,/news-source/prager-university,Right,3990,954
839,Premier Christian News,/news-source/premier-christian-news-media-bias,Lean Left,6,6
840,PRI (Public Radio International),/news-source/pri-public-radio-international,Center,841,579
841,Progressive Voices of Iowa,/news-source/progressive-voices-iowa,Left,307,182
842,Project Veritas,/news-source/project-veritas-media-bias,Right,597,588
843,ProPublica,/news-source/propublica,Lean Left,2107,1367
844,Psych Central,/news-source/psych-central-media-bias,Center,9,14
845,Psychology Today,/news-source/psychology-today-media-bias,Center,182,208
846,Public News Service,/news-source/public-news-service-media-bias,Center,3,1
847,PXW News,/news-source/pxw-news,Center,249,258
848,Quartz,/news-source/quartz,Center,806,934
849,Queerty,/news-source/queerty-media-bias,Left,5,2
850,Quillette,/news-source/quillette-media-bias,Lean Right,663,978
851,Quin Hillyer,/news-source/quin-hillyer-media-bias,Lean Right,24,31
852,Quinnipiac University,/news-source/quinnipiac-university,Center,312,529
853,Rachel Eckhardt,/news-source/rachel-eckhardt,Lean Left,91,106
854,Rahm Emanuel,/news-source/rahm-emanuel-media-bias,Lean Left,102,317
855,Ralph Benko,/news-source/ralph-benko,Right,133,162
856,Ramesh Ponnuru,/news-source/ramesh-ponnuru,Right,203,178
857,RAND Corporation,/news-source/rand-corporation,Lean Left,603,828
858,Rand Paul,/news-source/rand-paul,Lean Right,627,553
859,Rasmussen Reports,/news-source/rasmussen-reports,Lean Right,716,1031
860,Raw Story,/news-source/raw-story,Left,1621,602
861,RealClearPolitics,/news-source/real-clear-politics,Center,4586,5660
862,Reason,/news-source/reason,Lean Right,10232,6330
863,Reason Foundation,/news-source/reason-foundation,Lean Right,318,351
864,Rebecca Sheehan,/news-source/rebecca-sheehan-media-bias,Lean Right,33,27
865,Record Journal,/news-source/record-journal,Center,199,208
866,Red Lake Nation News,/news-source/red-lake-nation-news-media-bias,Center,3,0
867,Red Racing Horses,/news-source/red-racing-horses-media-bias,Right,69,79
868,RedBlueDictionary.org,/news-source/redbluedictionary,Mixed,218,171
869,redefinED,/news-source/redefined,Center,184,107
870,Redlands Daily Facts,/news-source/redlands-daily-facts-media-bias,Center,31,38
871,RedState,/news-source/red-state,Right,972,360
872,Refinery29,/news-source/refinery29-media-bias,Left,134,85
873,Relevant Magazine,/news-source/relevant-magazine-media-bias,Lean Left,2,3
874,Religion News Service,/news-source/religion-news-service-media-bias,Center,6,2
875,Rem Reider,/news-source/rem-reider,Center,128,133
876,Reuters,/news-source/reuters,Center,21428,12588
877,Reuters Fact Check,/news-source/reuters-fact-check-media-bias,Center,345,353
878,"Rev. Barbara Ann Michaels, Jester of the Peace",/news-source/rev-barbara-ann-michaels-media-bias,Lean Left,5,7
879,Rev. Jesse Jackson Sr.,/news-source/jesse-jackson,Left,684,232
880,Revolver News,/news-source/revolver-news-media-bias,Right,80,46
881,Rex Huppke,/news-source/rex-huppke-media-bias,Left,12,11
882,Rich Lowry,/news-source/rich-lowry-syndicated-columnist,Right,352,329
883,Rich Tafel,/news-source/rich-tafel,Center,112,102
884,Rich Zeoli,/news-source/rich-zeoli,Lean Right,136,108
885,Richard K. Sherman,/news-source/richard-k-sherman-media-bias,Lean Left,4,7
886,Richard M. Cohen,/news-source/richard-cohen,Lean Left,71,71
887,Richard Perrins,/news-source/richard-perrins-media-bias,Center,12,15
888,Richmond Times Dispatch,/news-source/richmond-times-dispatch,Lean Right,328,312
889,Rick Snyder,/news-source/rick-snyder-media-bias,Lean Right,25,24
890,Rick Ungar,/news-source/rick-ungar,Lean Left,201,185
891,Rick Wytmar,/news-source/rick-wytmar-media-bias,Lean Left,44,51
892,Right Guest Commentaries,/news-source/right-guest-commentaries,Right,110,86
893,Right Side News,/news-source/right-side-news,Right,558,292
894,Right Wing News,/news-source/right-wing-news,Right,485,250
895,Risen Magazine,/news-source/risen-magazine-media-bias,Center,3,2
896,Rob Rogers (cartoonist),/news-source/rob-rogers-cartoonist,Left,110,42
897,Robbie Robinette,/news-source/robbie-robinette-media-bias,Center,1,3
898,Robby Soave,/news-source/robby-soave-media-bias,Lean Right,29,24
899,Robert Ariail (cartoonist),/news-source/robert-ariail-cartoonist,Center,93,106
900,Robert Reich,/news-source/robert-reich-media-bias,Left,74,48
901,Robert Samuelson,/news-source/robert-samuelson,Center,161,187
902,Robert Verbruggen,/news-source/robert-verbruggen-media-bias,Lean Right,32,30
903,Robert Weissman,/news-source/robert-weissman-media-bias,Lean Left,10,10
904,Rod Blagojevich,/news-source/rod-blagojevich-media-bias,Center,53,169
905,Rod Eccles,/news-source/rod-eccles-media-bias,Right,3,2
906,Rolf Hendriks,/news-source/rolf-hendriks-media-bias,Center,53,53
907,Roll Call,/news-source/roll-call-media-bias,Center,320,318
908,RollingStone.com,/news-source/rolling-stone,Left,2386,615
909,Ron Suskind,/news-source/ron-suskind-media-bias,Center,20,19
910,Rose Mercer,/news-source/rose-mercer-media-bias,Lean Left,8,7
911,Ross Douthat,/news-source/ross-douthat,Lean Right,272,192
912,RT,/news-source/rt,Lean Right,193,256
913,Russell Brandom,/news-source/russell-brandom-media-bias,Center,33,42
914,Ruth Marcus,/news-source/ruth-marcus,Lean Left,307,324
915,Ryan Bomberger,/news-source/ryan-bomberger-media-bias,Right,35,22
916,Ryan Cooper,/news-source/ryan-cooper-0,Left,156,113
917,Ryan Cooper,/news-source/ryan-cooper,Left,604,159
918,S.E. Cupp,/news-source/se-cupp-media-bias,Lean Right,137,193
919,Saagar Enjeti,/news-source/saagar-enjeti-media-bias,Center,200,211
920,Sally Pipes,/news-source/sally-pipes,Right,326,165
921,Salon,/news-source/salon,Left,12122,5379
922,Sam Harris,/news-source/sam-harris-media-bias,Center,100,77
923,Sam Seder,/news-source/sam-seder-media-bias,Left,29,11
924,Samantha Shireman,/news-source/samantha-shireman-media-bias,Lean Left,53,54
925,San Antonio Express-News,/news-source/san-antonio-express-news-media-bias,Center,59,92
926,San Bernardino Sun,/news-source/san-bernardino-sun-media-bias,Center,37,30
927,San Diego Union-Tribune,/news-source/san-diego-union-tribune-media-bias-0,Lean Left,84,90
928,San Francisco Chronicle,/news-source/san-francisco-chronicle,Left,1217,504
929,San Gabriel Valley Tribune,/news-source/san-gabriel-valley-tribune-media-bias,Center,41,40
930,San Jose Mercury News,/news-source/san-jose-mercury-news,Lean Left,562,573
931,Sara Luterman,/news-source/sara-luterman-media-bias,Lean Left,6,9
932,Sarah Palin,/news-source/sarah-palin-media-bias,Right,18,15
933,SBG,/news-source/sbg,Center,99,102
934,Science Daily,/news-source/science-daily,Center,638,394
935,Scientific American,/news-source/scientific-american,Lean Left,2037,1094
936,Scott Adams,/news-source/scott-adams-media-bias,Center,120,133
937,Scott Jennings,/news-source/scott-jennings-media-bias,Lean Right,88,74
938,Scott Stantis (cartoonist),/news-source/scott-stantis-cartoonist,Right,78,106
939,SCOTUSblog,/news-source/scotusblog-media-bias,Center,97,94
940,Scriberr Media - News,/news-source/scriberr-media-news-media-bias-0,Center,104,88
941,Scriberr Media - Opinion/Editorial,/news-source/scriberr-media-opinioneditorial-media-bias,Lean Right,39,41
942,Sean McDowell,/news-source/sean-mcdowell-media-bias,Right,2,3
943,Search for Common Ground,/news-source/search-common-ground-media-bias,Center,3,1
944,Seattle Gay News,/news-source/seattle-gay-news-media-bias,Lean Left,2,4
945,Seeds of Peace,/news-source/seeds-peace-media-bias,Center,2,2
946,Semafor,/news-source/semafor-media-bias,Lean Left,6,6
947,Sen. Jim Risch,/news-source/sen-jim-risch-media-bias,Lean Right,11,13
948,Seth Tower Hurd,/news-source/seth-hower-turd-media-bias,Lean Right,39,34
949,SF Weekly,/news-source/sf-weekly,Center,335,423
950,SFGate,/news-source/sf-gate,Lean Left,635,674
951,Shannon Mannon,/news-source/shannon-mannon-media-bias,Lean Left,37,38
952,Signe Wilkinson (cartoonist),/news-source/signe-wilkinson-cartoonist,Left,60,46
953,Sky-Hi Daily News,/news-source/sky-hi-daily-news,Lean Left,211,215
954,Slate,/news-source/slate,Left,10715,3840
955,Small World (cartoonist),/news-source/small-world-cartoonist,Left,56,59
956,Smerconish,/news-source/smerconish-media-bias,Center,303,383
957,Smithsonian Magazine,/news-source/smithsonian-magazine-media-bias,Center,170,143
958,Snopes,/news-source/snopes,Lean Left,2972,5269
959,Socialist Alternative,/news-source/socialist-alternative,Left,582,265
960,Socialist Project/The Bullet,/news-source/socialist-projectthe-bullet,Left,495,230
961,South China Morning Post,/news-source/south-china-morning-post-media-bias,Center,140,162
962,South Florida Gay News,/news-source/south-florida-gay-news-media-bias,Lean Left,2,3
963,Southern Minnesota News,/news-source/southern-minnesota-news-media-bias,Center,4,1
964,Southern Poverty Law Center ,/news-source/southern-poverty-law-center-media-bias,Left,119,31
965,Spiked,/news-source/spiked-media-bias,Lean Right,92,90
966,Splinter,/news-source/splinter-media-bias,Left,294,161
967,Spokesman Review,/news-source/spokesman-review,Lean Left,294,341
968,Spread Great Ideas,/news-source/spread-great-ideas-media-bias,Center,16,15
969,Springfield News-Leader,/news-source/springfield-news-leader-media-bias,Center,9,7
970,St. Cloud Times,/news-source/st-cloud-times-media-bias,Lean Left,1,1
971,St. Louis Post-Dispatch,/news-source/st-louis-post-dispatch-media-bias,Center,35,60
972,Stacey Abrams,/news-source/stacey-abrams-media-bias,Lean Left,129,334
973,StandAmerica,/news-source/standamerica-media-bias,Right,2,2
974,Star Tribune,/news-source/star-tribune-media-bias,Lean Left,122,127
975,STAT,/news-source/stat-media-bias,Center,64,62
976,State Journal,/news-source/state-journal,Lean Left,241,328
977,Stephen Perkins,/news-source/stephen-perkins-media-bias,Lean Right,21,17
978,Steve Benen,/news-source/steve-benen-media-bias,Left,23,14
979,Steve Benson (cartoonist),/news-source/steve-benson-cartoonist,Left,97,92
980,Steve Breen (cartoonist),/news-source/steve-breen-cartoonist,Center,93,77
981,Steve Forbes,/news-source/steve-forbes-media-bias,Lean Right,148,91
982,Steve Kelley (cartoonist),/news-source/steve-kelley-cartoonist,Right,59,59
983,Steve Sack (cartoonist),/news-source/steve-sack-cartoonist,Left,90,51
984,Steven Crowder,/news-source/steven-crowder-media-bias,Right,43,19
985,Steven Petrow,/news-source/steven-petrow-media-bias,Center,19,28
986,Stillwater Gazette,/news-source/stillwater-gazette-media-bias,Center,2,2
987,Stimson Center,/news-source/stimson-center-media-bias,Center,29,34
988,StoryCorps,/news-source/storycorps-media-bias,Mixed,142,126
989,Stuart Carlson (cartoonist),/news-source/stuart-carlson-cartoonist,Left,66,74
990,Students For Life,/news-source/students-life-media-bias,Lean Right,55,65
991,Subverse,/news-source/subverse-media-bias,Center,162,108
992,Sukhayl Niyazov,/news-source/sukhayl-niyazov-media-bias,Center,48,54
993,Sunlight Foundation,/news-source/sunlight-foundation,Center,161,187
994,Suspend Belief Podcast,/news-source/suspend-belief-podcast,Mixed,203,227
995,Tablet Mag,/news-source/tablet-mag-media-bias,Lean Right,115,83
996,Taipei Times,/news-source/taipei-times-media-bias,Center,4,8
997,Tallahassee Democrat,/news-source/tallahassee-democrat,Center,351,367
998,Tampa Bay Times,/news-source/tampa-bay-times-media-bias,Center,56,106
999,Tangle,/news-source/tangle-media-bias,Center,89,10
1000,Tania Israel,/news-source/tania-israel-media-bias,Left,31,28
1001,Tara D. Sonenshine,/news-source/tara-d-sonenshine-media-bias,Center,9,9
1002,Tara Parekh,/news-source/tara-parekh-media-bias,Lean Left,28,28
1003,Taylor Marshall,/news-source/taylor-marshall-media-bias,Right,1,1
1004,Tech Xplore,/news-source/tech-xplore-media-bias,Center,51,45
1005,TechCrunch,/news-source/techcrunch-media-bias,Center,533,411
1006,Ted Rall (cartoonist),/news-source/ted-rall-cartoonist,Left,84,67
1007,Teen Vogue,/news-source/teen-vogue,Left,468,721
1008,Texas Monthly,/news-source/texas-monthly-media-bias,Center,21,38
1009,Texas Signal,/news-source/texas-signal-media-bias,Left,13,22
1010,The Advocate,/news-source/advocate-media-bias,Lean Left,64,78
1011,The Advocate-Messenger,/news-source/advocate-messenger,Lean Left,238,289
1012,The American Conservative,/news-source/american-conservative-media-bias,Right,411,406
1013,The American Mind,/news-source/american-mind-media-bias,Lean Right,91,84
1014,The American Spectator,/news-source/american-spectator,Right,12596,4461
1015,The Appeal,/news-source/appeal-media-bias,Center,131,137
1016,The Atlantic,/news-source/atlantic,Left,16336,9130
1017,The Bellows,/news-source/bellows-media-bias,Center,30,25
1018,The Black Detour,/news-source/black-detour-media-bias,Center,1,1
1019,The Blaze,/news-source/theblaze-bias,Right,110141,85824
1020,The Boston Globe,/news-source/boston-globe,Left,1906,1390
1021,The Brazilian Report,/news-source/brazilian-report-media-bias,Center,9,6
1022,The Bulwark,/news-source/bulwark-media-bias,Lean Right,204,248
1023,The Cadiz Record,/news-source/cadiz-record,Lean Left,211,215
1024,The Californian,/news-source/californian-media-bias,Center,14,11
1025,The Canyon County Zephyr,/news-source/canyon-county-zephry,Left,222,176
1026,The Catalyst,/news-source/catalyst-bush-institute-media-bias,Lean Right,31,42
1027,The Center for American Progress,/news-source/center-american-progress-media-bias,Lean Left,44,87
1028,The Center Square,/news-source/center-square-media-bias,Center,12,10
1029,The Center Square - Michigan,/news-source/center-square-michigan-media-bias,Center,126,211
1030,The Center Square - Minnesota,/news-source/center-square-minnesota-media-bias,Center,8,5
1031,The Center Square - Texas,/news-source/center-square-texas-media-bias,Center,8,5
1032,The Christian Century,/news-source/christian-century-media-bias,Lean Left,3,4
1033,The Christian Left Blog,/news-source/christian-left-blog-media-bias,Left,11,9
1034,The Christian Post,/news-source/christian-post-media-bias,Lean Right,59,59
1035,The Clarion-Ledger,/news-source/clarion-ledger-media-bias,Center,8,11
1036,The College Fix,/news-source/college-fix,Right,295,229
1037,The Colorado Sun,/news-source/colorado-sun-media-bias,Lean Left,75,65
1038,The Columbus Dispatch,/news-source/columbus-dispatch-media-bias,Center,53,86
1039,The Commercial Appeal,/news-source/commercial-appeal,Lean Left,214,266
1040,The Conscious Conservative,/news-source/conscious-conservative-media-bias,Right,9,10
1041,The Conversation,/news-source/conversation-media-bias-0,Lean Left,112,85
1042,The Conversation,/news-source/conversation-media-bias,Lean Left,295,248
1043,The Corpus Christi Caller-Times,/news-source/corpus-christi-caller-times-media-bias,Center,12,12
1044,The Courier-Journal,/news-source/courier-journal,Lean Left,288,377
1045,The Daily Caller,/news-source/daily-caller,Right,10919,4362
1046,The Daily Dot,/news-source/daily-dot-media-bias,Lean Left,233,197
1047,The Daily Iowan,/news-source/daily-iowan-media-bias,Center,7,12
1048,The Daily Signal,/news-source/daily-signal,Right,694,284
1049,The Daily Wire,/news-source/daily-wire,Right,12913,4455
1050,The Dallas Morning News,/news-source/dallas-morning-news,Center,305,350
1051,The Delaware County Daily Times,/news-source/delaware-county-daily-times,Lean Left,246,286
1052,The Dispatch,/news-source/dispatch-media-bias,Lean Right,359,221
1053,The Dispatch Fact Check,/news-source/dispatch-fact-check-media-bias,Center,162,133
1054,The Economist,/news-source/economist,Lean Left,6841,11556
1055,The Epoch Times,/news-source/epoch-times-media-bias,Lean Right,13545,7306
1056,The Federalist,/news-source/federalist,Right,10229,3152
1057,The Flip Side,/news-source/flip-side-media-bias,Mixed,565,379
1058,The Florida Capital Star,/news-source/florida-capital-star-media-bias,Right,15,26
1059,The Fulcrum,/news-source/fulcrum-media-bias,Center,211,217
1060,The Gateway Pundit,/news-source/gateway-pundit,Right,1194,575
1061,The Georgia Star News,/news-source/georgia-star-news-media-bias,Right,21,18
1062,The Globe and Mail,/news-source/globe-and-mail-media-bias,Center,215,318
1063,The Grio,/news-source/grio-media-bias,Lean Left,8,3
1064,The Guardian,/news-source/guardian,Lean Left,16190,10081
1065,The Hardwood Institiute,/news-source/hardwood-institiute-media-bias,Center,2,2
1066,The Heritage Foundation,/news-source/heritage-foundation,Lean Right,3271,1844
1067,The HighWire,/news-source/highwire-media-bias,Lean Right,1,3
1068,The Hill,/news-source/hill-media-bias,Center,18404,25166
1069,The Hollywood Reporter,/news-source/hollywood-reporter-media-bias,Lean Left,97,101
1070,The Huntsville Item,/news-source/huntsville-item-media-bias,Center,8,4
1071,The Imaginative Conservative,/news-source/imaginative-conservative-media-bias,Right,146,95
1072,The Independent,/news-source/independent-media-bias,Lean Left,821,590
1073,The Intercept,/news-source/intercept,Left,6300,1946
1074,The Iowa Torch,/news-source/iowa-torch-media-bias,Lean Right,9,6
1075,The Irish Times,/news-source/irish-times-media-bias,Center,6,6
1076,The Japan Times,/news-source/japan-times-media-bias,Center,87,75
1077,The Jerusalem Post,/news-source/jerusalem-post-media-bias,Center,353,385
1078,The Juggernaut,/news-source/juggernaut-media-bias,Left,33,29
1079,The Justice,/news-source/justice,Lean Left,193,205
1080,The Korea Herald,/news-source/korea-herald,Center,256,198
1081,The Kyiv Independent,/news-source/kyiv-independent-media-bias,Center,43,28
1082,The Libertarian Republic,/news-source/libertarian-republic,Lean Right,926,789
1083,The Lincoln Project,/news-source/lincoln-project-media-bias,Mixed,68,316
1084,The Lufkin Daily News,/news-source/lufkin-daily-news-media-bias,Center,34,32
1085,The Maine Wire,/news-source/maine-wire-media-bias,Right,5,1
1086,The Maneater,/news-source/maneater-media-bias,Lean Left,42,39
1087,The Markup,/news-source/markup-media-bias,Center,31,45
1088,The Marshall Project,/news-source/marshall-project-media-bias,Center,80,121
1089,The McLeod County Chronicle,/news-source/mcleod-county-chronicle-media-bias,Center,1,1
1090,The Michigan Star,/news-source/michigan-star-media-bias,Right,4,7
1091,The Minnesota Daily,/news-source/minnesota-daily-media-bias,Lean Left,4,3
1092,The Minority Eye,/news-source/minority-eye-media-bias,Left,7,5
1093,The Narratives Project,/news-source/narratives-project-media-bias,Center,1,1
1094,The Nation,/news-source/nation-media-bias,Left,1805,565
1095,The National Pulse,/news-source/national-pulse-media-bias,Right,598,150
1096,The Nevada Independent,/news-source/nevada-independent-media-bias,Center,21,31
1097,The New Yorker,/news-source/new-yorker,Left,10729,2643
1098,The Observer (New York),/news-source/observer,Center,284,494
1099,The Onion (Humor),/news-source/onion-media-bias,Lean Left,597,321
1100,The Oracle,/news-source/oracle,Center,144,173
1101,The Oregonian,/news-source/oregonian-media-bias,Center,81,201
1102,The Palm Beach Post,/news-source/palm-beach-post-media-bias,Center,6,10
1103,The Patriot Post,/news-source/patriot-post-media-bias,Right,74,96
1104,The Philadelphia Inquirer,/news-source/phillycom,Lean Left,331,320
1105,The Philly Tribune,/news-source/philly-tribune-media-bias,Left,5,3
1106,The Police Tribune,/news-source/the-police-tribune-media-bias,Lean Right,97,77
1107,The Portsmouth Herald,/news-source/portsmouth-herald-media-bias,Center,16,13
1108,The Post Millennial,/news-source/post-millennial-media-bias,Lean Right,459,325
1109,The Presbyterian Outlook,/news-source/presbyterian-outlook-media-bias,Lean Left,0,4
1110,The Press-Enterprise,/news-source/press-enterprise-media-bias,Lean Right,41,38
1111,The Problem Solvers Caucus,/news-source/problem-solvers-caucus-media-bias,Center,4,1
1112,The Rachel Maddow Show,/news-source/rachel-maddow-show-media-bias,Left,11,5
1113,The Red and Black,/news-source/red-and-black,Center,231,169
1114,The Reliable Bias,/news-source/reliable-bias,Center,177,204
1115,The Reno Gazette-Journal,/news-source/reno-gazette-journal-media-bias,Lean Left,16,14
1116,The Reporters Committee for Freedom of the Press,/news-source/reporters-committee-freedom-press-media-bias,Center,56,42
1117,The Republican,/news-source/republican,Center,275,560
1118,The Republican Journal,/news-source/republican-journal-media-bias,Lean Right,15,13
1119,The Resurgent,/news-source/resurgent-media-bias,Right,181,154
1120,The Ripon Advance,/news-source/ripon-advance-media-bias,Lean Right,18,16
1121,The Root,/news-source/root,Lean Left,500,638
1122,The Sacramento Bee,/news-source/sacramento-bee,Lean Left,398,483
1123,The Salt Lake Tribune,/news-source/salt-lake-tribune-media-bias,Lean Left,27,25
1124,The Saturday Evening Post,/news-source/saturday-evening-post,Center,250,197
1125,The Seattle Times,/news-source/seattle-times,Center,263,523
1126,The Sierra Club,/news-source/sierra-club,Lean Left,209,310
1127,The South African,/news-source/south-african-media-bias,Center,31,28
1128,The Spectator World,/news-source/spectator-world-media-bias,Right,215,149
1129,The State,/news-source/state-media-bias,Center,17,15
1130,The Steamboat Institute,/news-source/steamboat-institute-media-bias,Lean Right,16,11
1131,The Telegraph - UK,/news-source/telegraph-uk,Lean Right,2085,904
1132,The Tennesseean,/news-source/tennesseean-media-bias,Center,52,46
1133,The Texan,/news-source/texan-media-bias,Lean Right,205,149
1134,The Texas Observer,/news-source/texas-observer-media-bias,Lean Left,114,102
1135,The Texas Tribune,/news-source/texas-tribune-media-bias,Lean Left,827,351
1136,The Thread,/news-source/thread-media-bias,Mixed,87,91
1137,The Times,/news-source/times-media-bias,Center,30,47
1138,The Times-Picayune,/news-source/times-picayune,Center,37,73
1139,The Verge,/news-source/verge,Lean Left,1022,629
1140,The Week - News,/news-source/the-week-bias,Lean Left,4082,3384
1141,The Week - Opinion,/news-source/week-opinion-media-bias,Lean Left,247,210
1142,The Weekly Standard,/news-source/weekly-standard,Right,1414,867
1143,The Weirton Daily Times,/news-source/weirton-daily-times-media-bias,Center,10,7
1144,The Western Journal,/news-source/western-journalism,Right,1892,610
1145,The Wyoming Tribune Eagle,/news-source/wyoming-tribune-eagle-media-bias,Center,15,16
1146,The Young Turks,/news-source/young-turks-media-bias,Left,11,2
1147,TheGailyGrind,/news-source/thegailygrind-media-bias,Left,5,4
1148,Them,/news-source/them-media-bias,Lean Left,5,1
1149,theSkimm,/news-source/theskimm-media-bias,Lean Left,7,11
1150,ThinkProgress,/news-source/thinkprogress-bias,Left,2814,957
1151,Thomas B. Edsall,/news-source/thomas-b-edsall-media-bias,Lean Left,4,6
1152,Thomas Franck,/news-source/thomas-franck-media-bias,Center,11,7
1153,Thomas Frank,/news-source/thomas-frank,Lean Left,188,198
1154,Thomas L. Friedman,/news-source/thomas-l-friedman-media-bias,Lean Left,117,150
1155,Thomas Sowell,/news-source/thomas-sowell,Lean Right,591,383
1156,Tiana Lowe,/news-source/tiana-lowe-media-bias,Right,21,18
1157,Tim Groseclose,/news-source/tim-groseclose,Lean Right,119,88
1158,Tim Pool,/news-source/tim-pool-media-bias,Center,1713,1919
1159,Tim Scott,/news-source/tim-scott-media-bias,Lean Right,3,9
1160,Time Magazine,/news-source/time-magazine-news-media-bias,Lean Left,10299,8706
1161,Times Union,/news-source/times-union-media-bias,Center,26,33
1162,Timothy L. O'Brien,/news-source/timothy-l-obrien-media-bias,Lean Left,13,16
1163,Tom Cole,/news-source/tom-cole,Right,189,149
1164,Tom Nichols,/news-source/tom-nichols-media-bias,Lean Right,88,110
1165,Tom Rogan,/news-source/tom-rogan-media-bias,Center,4,8
1166,Tom Toles (cartoonist),/news-source/tom-toles-cartoonist,Left,115,103
1167,Tony Auth (cartoonist),/news-source/tony-auth,Left,80,65
1168,Tonya Russell,/news-source/tonya-russell-media-bias,Lean Left,40,34
1169,Toronto Star,/news-source/toronto-star,Center,92,209
1170,Townhall,/news-source/townhall-bias,Right,9922,14124
1171,Trains.com,/news-source/trainscom-media-bias,Center,49,60
1172,Trans Writes,/news-source/trans-writes-media-bias,Lean Left,13,16
1173,Truth or Fiction ,/news-source/truth-or-fiction,Lean Left,467,411
1174,Truthdig,/news-source/truthdig-media-bias,Left,124,64
1175,TruthOut,/news-source/truthout,Lean Left,519,512
1176,Tucker Carlson,/news-source/tucker-carlson-media-bias,Right,1026,371
1177,Tulsa World,/news-source/tulsa-world-media-bias,Center,13,14
1178,Turning Point USA,/news-source/turning-point-usa-media-bias,Right,34,9
1179,Twin Cities PBS,/news-source/twin-cities-pbs-media-bias,Center,14,9
1180,Twin Cities Pioneer Press,/news-source/twin-cities-pioneer-press-media-bias,Center,2,1
1181,U.S. News & World Report,/news-source/us-news-and-world-report,Lean Left,2068,2136
1182,UnHerd,/news-source/unherd-media-bias,Lean Right,4,3
1183,United Methodist Insight,/news-source/united-methodist-insight-media-bias,Left,2,1
1184,United Methodist News,/news-source/united-methodist-news-media-bias,Lean Left,1,2
1185,United Press International,/news-source/united-press-international-media-bias,Center,15,6
1186,United States Courts,/news-source/united-states-courts,Center,263,359
1187,Univision,/news-source/univision,Lean Left,631,627
1188,Upward News ,/news-source/upward-news-media-bias,Lean Right,108,54
1189,Upward News Editorial Team,/news-source/upward-news-editorial-team-media-bias,Lean Right,19,24
1190,Upworthy,/news-source/upworthy,Left,558,377
1191,Urban Institute,/news-source/urban-institute,Lean Left,588,483
1192,USA TODAY,/news-source/usa-today-media-bias,Lean Left,19886,22158
1193,USA TODAY Fact Check,/news-source/usa-today-fact-check-media-bias,Lean Left,244,285
1194,Vanderbilt Project on Unity and American Democracy,/news-source/vanderbilt-project-unity-and-american-democracy-media-bias,Center,5,4
1195,Vanity Fair,/news-source/vanity-fair,Lean Left,3892,2637
1196,Variety,/news-source/variety-media-bias,Center,80,179
1197,Vatican News,/news-source/vatican-news-media-bias,Lean Right,3,2
1198,Verify,/news-source/verify-media-bias,Center,71,59
1199,Vice,/news-source/vice-media-bias,Left,4338,1075
1200,Victor Hanson,/news-source/victor-hanson,Lean Right,269,266
1201,Virginia Mercury,/news-source/virginia-mercury-media-bias,Center,66,74
1202,Virtue Online,/news-source/virtue-online-media-bias,Right,3,1
1203,Vogue,/news-source/vogue-media-bias,Left,21,15
1204,Voice of America,/news-source/voice-america,Center,248,257
1205,Voice of Chid (Chidike Okeem),/news-source/voice-chid-chidike-okeem-media-bias,Right,6,3
1206,Volante,/news-source/volante,Center,190,213
1207,Vote Smart,/news-source/vote-smark,Center,267,269
1208,Vox,/news-source/vox-news-media-bias,Left,32579,15507
1209,VT Digger,/news-source/vt-digger,Lean Left,248,273
1210,Wake Up to Politics,/news-source/wake-politics-media-bias,Center,133,109
1211,Wall Street Journal (News),/news-source/wall-street-journal-media-bias,Center,25107,27249
1212,Wall Street Journal (Opinion),/news-source/wall-street-journal-opinion,Lean Right,12308,8204
1213,Walt Handelsman (cartoonist),/news-source/walt-handelsman-cartoonist,Left,121,132
1214,WANDTV,/news-source/wandtv-media-bias,Center,106,99
1215,Washington Blade,/news-source/washington-blade-media-bias,Lean Left,3,2
1216,Washington Examiner,/news-source/washington-examiner,Lean Right,14496,7011
1217,Washington Free Beacon,/news-source/washington-free-beacon,Right,964,695
1218,Washington Monthly,/news-source/washington-monthly,Lean Left,356,323
1219,Washington Post,/news-source/washington-post-media-bias,Lean Left,38703,27345
1220,Washington Post Fact Check,/news-source/fact-checker-washington-post-media-bias,Lean Left,357,411
1221,Washington Times,/news-source/washington-times-bias,Lean Right,29153,13979
1222,Watchdog.org,/news-source/watchdogorg,Lean Right,623,660
1223,WBUR,/news-source/wbur-media-bias,Center,28,28
1224,WCVB,/news-source/wcvb-media-bias,Center,16,11
1225,WFAE,/news-source/wfae,Center,220,238
1226,WGBH,/news-source/wgbh,Center,441,416
1227,WGN,/news-source/wgn-media-bias,Center,217,231
1228,Whatfinger News,/news-source/whatfinger-news-media-bias,Right,274,209
1229,Whitehouse.gov,/news-source/whitehousegov,Lean Left,561,766
1230,Whittier Daily News,/news-source/whittier-daily-news-media-bias,Center,40,46
1231,Will Reusch,/news-source/will-reusch-media-bias,Center,2,0
1232,Willam A. Galston,/news-source/willam-galston,Lean Left,152,137
1233,William Bennett,/news-source/william-bennett,Right,187,244
1234,William McGurn,/news-source/william-mcgurn,Right,137,83
1235,Winona Daily,/news-source/winona-daily-media-bias,Center,2,3
1236,Wired,/news-source/wired,Center,443,710
1237,Wisconsin Gazette,/news-source/wisconsin-gazette,Lean Left,274,254
1238,WND,/news-source/wnd-media-bias,Right,890,352
1239,World Magazine,/news-source/world-magazine-media-bias,Right,4,11
1240,World Wildlife,/news-source/world-wildlife-media-bias,Center,40,42
1241,Worthy News,/news-source/worthy-news-media-bias,Center,3,4
1242,WVNews.com,/news-source/wvnewscom-media-bias,Center,13,9
1243,WyoFile,/news-source/wyofile-media-bias,Lean Right,19,18
1244,Wyoming Public Media,/news-source/wyoming-public-media-media-bias,Lean Left,10,12
1245,Yahoo News,/news-source/yahoo-news-media-bias,Lean Left,4674,3095
1246,Yahoo! The 360,/news-source/yahoo-360-media-bias,Mixed,221,389
1247,Yash Goenka,/news-source/yash-goenka-media-bias,Lean Left,5,13
1248,Yasmin Tavakoli,/news-source/yasmin-tavakoli-media-bias,Center,37,36
1249,Yes! Magazine,/news-source/yes-magazine,Left,492,265
1250,Zack Beauchamp,/news-source/zack-beauchamp-media-bias,Lean Left,24,30
1251,Zeeshan Aleem,/news-source/zeeshan-aleem-media-bias,Left,19,19
1252,ZeroHedge,/news-source/zerohedge-media-bias,Lean Right,240,182
